xmin,ymin,xmax,ymax,label,image_path,annotator
3750.0,2147.0,3878.0,2296.0,Bird,C7_L1_F295_T20240127_141030_082.jpg," sanacleto@ufl.edu, 24"
1681.9999999999998,3935.000000000001,1750.0,3997.000000000001,Bird,C3_L4_F5152_T20240127_152425_573.jpg," sanacleto@ufl.edu, 24"
3139.9999999999995,147.0,3207.9999999999995,210.0,Bird,C4_L4_F5440_T20240127_152807_104.jpg," sanacleto@ufl.edu, 24"
3068.0,2500.0,3171.0,2545.0,Bird,C2_L2_F754_T20240127_141652_426.jpg," sanacleto@ufl.edu, 24"
325.0,4365.0,393.00000000000006,4450.0,Bird,C4_L2_F1096_T20240127_142115_614.jpg," sanacleto@ufl.edu, 24"
4348.0,1348.9999999999998,4410.0,1442.0,FalsePositive,C5_L4_F5095_T20240127_152341_745.jpg," sanacleto@ufl.edu, 24"
17.0,4289.0,63.000000000000014,4374.0,FalsePositive,C5_L1_F182_T20240127_140902_942.jpg," sanacleto@ufl.edu, 24"
2480.0,3878.9999999999995,2513.0,3944.9999999999995,Bird,C7_L6_F6214_T20240127_154052_557.jpg," sanacleto@ufl.edu, 24"
407.0,2592.0,493.0,2675.0,Bird,C7_L1_F708_T20240127_141548_082.jpg," sanacleto@ufl.edu, 24"
0.0,653.0,87.0,701.0,FalsePositive,C4_L4_F4035_T20240127_151005_182.jpg," sanacleto@ufl.edu, 24"
1870.0,3706.0,1898.0,3747.0,Bird,C3_L2_F1662_T20240127_135057_887.jpg," sanacleto@ufl.edu, 24"
4481.0,2853.0,4553.0,2911.0,FalsePositive,C6_L2_F1025_T20240127_134247_481.jpg," sanacleto@ufl.edu, 24"
3104.0,690.0,3183.0,748.0,FalsePositive,C6_L2_F730_T20240127_141634_114.jpg," sanacleto@ufl.edu, 24"
5211.0,1555.0000000000002,5357.0,1652.0,FalsePositive,C6_L6_F6396_T20240127_154312_682.jpg," sanacleto@ufl.edu, 24"
6049.746116431562,1620.7691121150353,6077.746116431561,1659.769112115035,Bird,C4_L2_F757_T20240127_141654_567.jpg," sanacleto@ufl.edu, 24"
3871.0000000000005,334.99999999999994,3896.0000000000005,377.99999999999994,Bird,C7_L4_F4744_T20240127_151911_541.jpg," sanacleto@ufl.edu, 24"
3988.0000000000005,1344.0,4000.0,1383.9999999999998,FalsePositive,C2_L2_F2070_T20240127_135612_024.jpg," sanacleto@ufl.edu, 24"
4013.0,3132.0,4059.0,3164.0,FalsePositive,C6_L6_F6224_T20240127_154100_213.jpg," sanacleto@ufl.edu, 24"
5306.0,557.0,5413.0,593.0,FalsePositive,C2_L2_F830_T20240127_134017_131.jpg," sanacleto@ufl.edu, 24"
127.0,1302.0,180.0,1363.0000000000002,Bird,C2_L3_F3342_T20240127_145735_369.jpg," sanacleto@ufl.edu, 24"
1228.0,1639.0,1268.0,1671.9999999999998,Bird,C5_L6_F6657_T20240127_154633_604.jpg," sanacleto@ufl.edu, 24"
4224.000000000001,368.0,4291.000000000001,417.99999999999994,Bird,C2_L2_F533_T20240127_133628_427.jpg," sanacleto@ufl.edu, 24"
2419.0,1102.0000000000002,2456.0,1146.0,Bird,C3_L2_F1069_T20240127_134321_231.jpg," sanacleto@ufl.edu, 24"
5553.0,2852.0,5606.0,2861.0,FalsePositive,C1_L2_F1977_T20240127_135500_337.jpg," sanacleto@ufl.edu, 24"
1734.0,3271.0,1797.0,3306.0000000000005,FalsePositive,C7_L2_F579_T20240127_133704_083.jpg," sanacleto@ufl.edu, 24"
451.00000000000006,3105.0,518.0,3159.0,FalsePositive,C5_L2_F1274_T20240127_134559_169.jpg," sanacleto@ufl.edu, 24"
5646.0,208.0,5674.0,250.0,Bird,C6_L2_F415_T20240127_133457_771.jpg," sanacleto@ufl.edu, 24"
1333.0000000000002,3890.0,1413.0000000000002,3961.0000000000005,FalsePositive,C3_L4_F5311_T20240127_152627_979.jpg," sanacleto@ufl.edu, 24"
3460.799372896334,2665.906632884056,3531.799372896334,2732.906632884056,Bird,C5_L2_F2084_T20240127_135622_915.jpg," sanacleto@ufl.edu, 24"
3990.9999999999995,4794.0,3998.9999999999995,4849.0,FalsePositive,C5_L2_F2084_T20240127_135622_915.jpg," sanacleto@ufl.edu, 24"
296.0,3388.0,360.0,3434.0,FalsePositive,C3_L3_F2184_T20240127_144243_401.jpg," sanacleto@ufl.edu, 24"
4510.0,4153.0,4564.0,4195.0,Bird,C1_L6_F6509_T20240127_154439_463.jpg," sanacleto@ufl.edu, 24"
6062.0,473.99999999999994,6093.0,513.0,FalsePositive,C7_L4_F5397_T20240127_152734_369.jpg," sanacleto@ufl.edu, 24"
1071.91182411873,2533.867143648953,1163.194069805742,2613.6793689355027,Bird,C5_L3_F3097_T20240127_145426_557.jpg,"Brier Klossing b.klossing@ufl.edu, 20"
2254.6260065858105,2256.000000000001,2283.6260065858105,2304.000000000001,Bird,C2_L6_F6138_T20240127_153953_838.jpg,"Brier Klossing b.klossing@ufl.edu, 20"
4104.546671400591,3419.7590249772147,4135.546671400591,3452.7590249772147,FalsePositive,C7_L2_F1370_T20240127_134713_184.jpg,"Brier Klossing b.klossing@ufl.edu, 20"
2110.853248154774,1604.048917281742,2156.853248154774,1634.048917281742,FalsePositive,C3_L6_F6182_T20240127_154027_744.jpg,"Brier Klossing b.klossing@ufl.edu, 20"
2421.0,1992.0,2473.0,1998.9999999999998,FalsePositive,C1_L4_F4412_T20240127_151455_604.jpg,"Brier Klossing b.klossing@ufl.edu, 20"
794.6868792192402,405.42171980481015,841.6868792192402,454.4217198048102,Bird,C5_L4_F4849_T20240127_152032_291.jpg,"Brier Klossing b.klossing@ufl.edu, 20"
871.6545773831983,1518.1324948998847,900.6545773831982,1555.1324948998847,FalsePositive,C5_L3_F3668_T20240127_150146_291.jpg,"Brier Klossing b.klossing@ufl.edu, 20"
4915.0,2000.9999999999995,4979.0,2054.9999999999995,FalsePositive,C7_L4_F3813_T20240127_150714_604.jpg,"Brier Klossing b.klossing@ufl.edu, 20"
5500.0,2623.0,5563.0,2669.0,FalsePositive,C7_L4_F3813_T20240127_150714_604.jpg,"Brier Klossing b.klossing@ufl.edu, 20"
2494.0,3855.0,2543.0,3887.0,FalsePositive,C1_L1_F286_T20240127_141022_864.jpg,"Brier Klossing b.klossing@ufl.edu, 20"
851.0,4693.0,909.0,4757.0,FalsePositive,C7_L4_F5330_T20240127_152642_776.jpg,"Brier Klossing b.klossing@ufl.edu, 20"
3539.2046674805188,1549.359066503896,3576.2046674805183,1611.359066503896,Bird,C1_L6_F6460_T20240127_154401_729.jpg,"Brier Klossing b.klossing@ufl.edu, 20"
3180.0,3257.0000000000005,3250.0,3313.0,FalsePositive,C3_L5_F6002_T20240127_153643_416.jpg,"Brier Klossing b.klossing@ufl.edu, 20"
2666.890247530322,2948.2195049393576,2692.890247530322,2989.2195049393576,Bird,C5_L2_F2079_T20240127_135619_087.jpg,"Brier Klossing b.klossing@ufl.edu, 20"
2400.81574210854,3828.157421085407,2436.81574210854,3859.157421085407,FalsePositive,C2_L2_F1213_T20240127_134512_059.jpg,"Brier Klossing b.klossing@ufl.edu, 20"
3849.9999999999995,2393.0,3925.9999999999995,2434.0,FalsePositive,C3_L2_F1263_T20240127_134550_622.jpg,"Brier Klossing b.klossing@ufl.edu, 20"
758.7696909397973,1858.4606181204038,789.7696909397973,1900.4606181204038,Bird,C4_L6_F6525_T20240127_154451_666.jpg,"Brier Klossing b.klossing@ufl.edu, 20"
1070.9999999999998,2071.7696909397973,1098.9999999999998,2119.7696909397973,Bird,C4_L6_F6525_T20240127_154451_666.jpg,"Brier Klossing b.klossing@ufl.edu, 20"
995.3090728193934,1885.230309060201,1021.3090728193934,1930.2303090602013,Bird,C4_L6_F6525_T20240127_154451_666.jpg,"Brier Klossing b.klossing@ufl.edu, 20"
920.5393818795958,1843.9999999999998,948.5393818795958,1882.9999999999998,Bird,C4_L6_F6525_T20240127_154451_666.jpg,"Brier Klossing b.klossing@ufl.edu, 20"
1153.6181456387872,1867.9212362408082,1189.6181456387872,1905.9212362408084,Bird,C4_L6_F6525_T20240127_154451_666.jpg,"Brier Klossing b.klossing@ufl.edu, 20"
1113.9988609832048,1952.843187260825,1160.180317371076,1995.176188949707,Bird,C4_L6_F6525_T20240127_154451_666.jpg,"Brier Klossing b.klossing@ufl.edu, 20"
1287.179322437722,1947.45535068224,1341.0576882235719,1982.091442973143,Bird,C4_L6_F6525_T20240127_154451_666.jpg,"Brier Klossing b.klossing@ufl.edu, 20"
5002.0,2800.0,5033.0,2842.0,FalsePositive,C6_L2_F1968_T20240127_135453_652.jpg,"Brier Klossing b.klossing@ufl.edu, 20"
566.0,4033.0,661.0,4071.0,FalsePositive,C5_L4_F5660_T20240127_153056_823.jpg,"Brier Klossing b.klossing@ufl.edu, 20"
1197.0,4310.000000000001,1247.0000000000002,4353.000000000001,FalsePositive,C5_L4_F5660_T20240127_153056_823.jpg,"Brier Klossing b.klossing@ufl.edu, 20"
5664.618145638785,3564.8024598747165,5729.618145638785,3629.8024598747165,Bird,C2_L6_F6281_T20240127_154143_932.jpg,"Brier Klossing b.klossing@ufl.edu, 20"
3429.0,1454.0,3463.0,1483.0,FalsePositive,C2_L6_F6281_T20240127_154143_932.jpg,"Brier Klossing b.klossing@ufl.edu, 20"
961.1081918053379,2120.216383610676,999.1081918053379,2155.216383610676,FalsePositive,C3_L2_F921_T20240127_141901_067.jpg,"Brier Klossing b.klossing@ufl.edu, 20"
5644.0,3017.0,5739.0,3071.0,FalsePositive,C2_L2_F753_T20240127_133917_834.jpg,"Brier Klossing b.klossing@ufl.edu, 20"
5267.2621181211425,2537.655295302855,5302.2621181211425,2567.655295302855,FalsePositive,C2_L2_F753_T20240127_133917_834.jpg,"Brier Klossing b.klossing@ufl.edu, 20"
993.5014048191007,287.99999999999994,1048.5014048191006,330.99999999999994,Bird,C2_L6_F6567_T20240127_154524_166.jpg,"Brier Klossing b.klossing@ufl.edu, 20"
832.3410799863368,75.56965590742561,894.6160742063453,130.1477407294552,Bird,C2_L6_F6567_T20240127_154524_166.jpg,"Brier Klossing b.klossing@ufl.edu, 20"
700.0244586408705,188.85324815477438,771.0244586408705,227.85324815477435,Bird,C3_L2_F619_T20240127_133734_693.jpg,"Brier Klossing b.klossing@ufl.edu, 20"
2231.8130032929053,2039.4065016464535,2271.8130032929053,2065.4065016464533,Bird,C4_L3_F3161_T20240127_145515_541.jpg,"Brier Klossing b.klossing@ufl.edu, 20"
1749.0,2878.0,1788.0000000000002,2917.0000000000005,FalsePositive,C4_L6_F6399_T20240127_154314_635.jpg,"Brier Klossing b.klossing@ufl.edu, 20"
3975.1565603903805,1534.6441772325725,4001.1565603903805,1576.6441772325725,FalsePositive,C7_L6_F6496_T20240127_154429_713.jpg,"Brier Klossing b.klossing@ufl.edu, 20"
4004.0906633529985,1528.4396554758632,4020.0906633529985,1581.4396554758632,FalsePositive,C7_L6_F6496_T20240127_154429_713.jpg,"Brier Klossing b.klossing@ufl.edu, 20"
5376.232333331786,1511.405009884293,5426.232333331786,1571.405009884293,FalsePositive,C7_L6_F6496_T20240127_154429_713.jpg,"Brier Klossing b.klossing@ufl.edu, 20"
4463.999999999999,1350.0,4503.999999999999,1404.0000000000002,FalsePositive,C2_L1_F433_T20240127_141216_114.jpg,"Brier Klossing b.klossing@ufl.edu, 20"
5255.0,1742.0,5295.0,1774.9999999999998,FalsePositive,C2_L1_F433_T20240127_141216_114.jpg,"Brier Klossing b.klossing@ufl.edu, 20"
422.0,4806.0,496.0,4852.0,FalsePositive,C2_L1_F433_T20240127_141216_114.jpg,"Brier Klossing b.klossing@ufl.edu, 20"
1647.3057705485578,888.0000000000002,1678.3057705485578,934.0000000000002,FalsePositive,C7_L3_F2521_T20240127_144703_119.jpg,"Brier Klossing b.klossing@ufl.edu, 20"
3277.8918081946613,2614.5540959026685,3309.8918081946613,2651.5540959026685,Bird,C3_L6_F6664_T20240127_154638_916.jpg,"Brier Klossing b.klossing@ufl.edu, 20"
3262.0,1676.0,3313.0000000000005,1717.9999999999998,FalsePositive,C7_L2_F1223_T20240127_142253_786.jpg,"Brier Klossing b.klossing@ufl.edu, 20"
3707.0,2681.0,3748.9999999999995,2712.0000000000005,FalsePositive,C7_L2_F1223_T20240127_142253_786.jpg,"Brier Klossing b.klossing@ufl.edu, 20"
734.0,1336.0,832.0,1375.0,FalsePositive,C4_L4_F4517_T20240127_151616_354.jpg,"Brier Klossing b.klossing@ufl.edu, 20"
0.0,0.0,0.0,0.0,0,C3_L6_F6255_T20240127_154123_963.jpg," sanacleto@ufl.edu, 24"
1995.0,3954.0,2000.0,3996.0,Bird,C6_L1_F308_T20240127_141040_020.jpg," sanacleto@ufl.edu, 24"
3956.0000000000005,2411.0,3999.0000000000005,2472.0,Bird,C1_L4_F5569_T20240127_152946_557.jpg," sanacleto@ufl.edu, 24"
2896.0,3100.9999999999995,2940.0,3128.9999999999995,FalsePositive,C2_L2_F789_T20240127_141719_364.jpg," sanacleto@ufl.edu, 24"
4137.0,2617.0,4219.0,2650.0,FalsePositive,C2_L2_F789_T20240127_141719_364.jpg," sanacleto@ufl.edu, 24"
4864.0,2889.868478932439,4920.0,2944.868478932439,FalsePositive,C6_L6_F6096_T20240127_153921_651.jpg," sanacleto@ufl.edu, 24"
3266.0,119.0,3312.9999999999995,174.0,Bird,C7_L4_F5751_T20240127_153206_994.jpg," sanacleto@ufl.edu, 24"
5915.0,2465.0000000000005,5964.000000000001,2498.0,Bird,C2_L3_F3147_T20240127_145504_932.jpg," sanacleto@ufl.edu, 24"
5741.0,2470.0,5781.0,2511.0000000000005,Bird,C2_L3_F3147_T20240127_145504_932.jpg," sanacleto@ufl.edu, 24"
898.0000000000001,491.00000000000006,952.0000000000001,548.0000000000001,Bird,C2_L3_F1981_T20240127_144007_073.jpg," sanacleto@ufl.edu, 24"
4941.0,130.0,4978.0,178.0,Bird,C4_L6_F6208_T20240127_154047_557.jpg," sanacleto@ufl.edu, 24"
4899.0,208.0,4929.0,259.0,FalsePositive,C4_L6_F6208_T20240127_154047_557.jpg," sanacleto@ufl.edu, 24"
2470.0,1992.0,2525.0,1998.9999999999998,FalsePositive,C4_L2_F408_T20240127_133452_771.jpg," sanacleto@ufl.edu, 24"
5990.0,103.00000000000001,6000.0,151.0,FalsePositive,C6_L6_F6213_T20240127_154051_744.jpg," sanacleto@ufl.edu, 24"
5246.0,4038.999999999999,5307.0,4080.999999999999,FalsePositive,C1_L6_F6155_T20240127_154006_869.jpg," sanacleto@ufl.edu, 24"
3985.0,769.0,4000.0,816.0,FalsePositive,C1_L2_F257_T20240127_133255_865.jpg," sanacleto@ufl.edu, 24"
4000.0,761.0,4067.9999999999995,817.0,FalsePositive,C1_L2_F257_T20240127_133255_865.jpg," sanacleto@ufl.edu, 24"
1680.0,1917.0,1771.0000000000002,1952.0,FalsePositive,C3_L4_F5418_T20240127_152750_385.jpg," sanacleto@ufl.edu, 24"
2345.0,2320.0,2376.0,2352.0,FalsePositive,C3_L4_F5418_T20240127_152750_385.jpg," sanacleto@ufl.edu, 24"
5199.0,2387.0,5255.0,2440.0,FalsePositive,C7_L3_F3654_T20240127_150135_557.jpg," sanacleto@ufl.edu, 24"
5951.0,2554.0,6000.0,2612.0,FalsePositive,C7_L3_F3654_T20240127_150135_557.jpg," sanacleto@ufl.edu, 24"
4757.0,877.9999999999999,4816.999999999999,923.9999999999998,Bird,C2_L3_F1967_T20240127_143956_260.jpg," sanacleto@ufl.edu, 24"
315.0,2.0,395.0,53.0,FalsePositive,C4_L5_F6076_T20240127_153740_119.jpg," sanacleto@ufl.edu, 24"
3804.0,2000.0,3872.0,2026.0,FalsePositive,C5_L3_F3688_T20240127_150201_666.jpg," sanacleto@ufl.edu, 24"
6408.0,2.0,6461.0,14.0,Bird,C5_L1_F396_T20240127_141147_770.jpg," sanacleto@ufl.edu, 24"
4626.000000000001,4659.0,4684.000000000001,4705.0,Bird,C6_L2_F727_T20240127_133858_021.jpg," sanacleto@ufl.edu, 24"
3097.0000000000005,2989.0,3151.0000000000005,3038.0,Bird,C6_L6_F6583_T20240127_154536_666.jpg," sanacleto@ufl.edu, 24"
3857.9999999999995,2510.0,3899.9999999999995,2560.9999999999995,Bird,C6_L6_F6583_T20240127_154536_666.jpg," sanacleto@ufl.edu, 24"
1490.0,3906.0,1583.0,3994.9999999999995,FalsePositive,C6_L6_F6583_T20240127_154536_666.jpg," sanacleto@ufl.edu, 24"
5991.0,2668.0,6000.0,2717.0000000000005,FalsePositive,C1_L3_F3556_T20240127_150019_854.jpg," sanacleto@ufl.edu, 24"
2506.0,1463.0,2578.0,1529.9999999999998,FalsePositive,C5_L1_F580_T20240127_141409_442.jpg," sanacleto@ufl.edu, 24"
3602.9999999999995,2347.0,3630.9999999999995,2392.0,FalsePositive,C5_L1_F580_T20240127_141409_442.jpg," sanacleto@ufl.edu, 24"
3452.0,2299.9999999999995,3487.0,2343.9999999999995,Bird,C2_L4_F5358_T20240127_152704_119.jpg," sanacleto@ufl.edu, 24"
0.0,0.0,0.0,0.0,0,C7_L3_F2083_T20240127_144125_807.jpg,"Brier Klossing b.klossing@ufl.edu, 20"
5994.0,3948.0000000000005,6000.0,4000.0,FalsePositive,C2_L3_F3306_T20240127_145707_369.jpg,"Brier Klossing b.klossing@ufl.edu, 20"
1788.4065016464529,4515.483745883869,1818.4065016464526,4553.483745883869,Bird,C4_L2_F55_T20240127_133020_958.jpg,"Brier Klossing b.klossing@ufl.edu, 20"
5507.412107581705,2872.148414816321,5552.412107581705,2907.1484148163213,Bird,C4_L6_F6512_T20240127_154441_651.jpg,"Brier Klossing b.klossing@ufl.edu, 20"
5726.793608786911,2889.316924726599,5762.793608786911,2933.3169247265996,Bird,C4_L6_F6512_T20240127_154441_651.jpg,"Brier Klossing b.klossing@ufl.edu, 20"
1758.0,3849.9999999999995,1823.0,3928.999999999999,FalsePositive,C5_L6_F6777_T20240127_154806_026.jpg,"Brier Klossing b.klossing@ufl.edu, 20"
4205.670742590965,3841.26424094451,4252.670742590965,3872.2642409445107,FalsePositive,C7_L4_F4864_T20240127_152043_948.jpg,"Brier Klossing b.klossing@ufl.edu, 20"
5417.0,3409.0,5516.0,3583.0,FalsePositive,C7_L4_F4864_T20240127_152043_948.jpg,"Brier Klossing b.klossing@ufl.edu, 20"
237.43276722135212,4753.7836163893235,293.43276722135215,4796.7836163893235,Bird,C7_L3_F2524_T20240127_144705_416.jpg,"Brier Klossing b.klossing@ufl.edu, 20"
4108.0,3656.0,4164.0,3691.0000000000005,FalsePositive,C2_L6_F6225_T20240127_154100_807.jpg,"Brier Klossing b.klossing@ufl.edu, 20"
1490.0,2301.0,1545.0,2337.0,FalsePositive,C2_L6_F6225_T20240127_154100_807.jpg,"Brier Klossing b.klossing@ufl.edu, 20"
1214.0,3895.0,1255.0,3925.0000000000005,FalsePositive,C2_L4_F5797_T20240127_153242_182.jpg,"Brier Klossing b.klossing@ufl.edu, 20"
5927.0,4847.000000000001,5970.0,4852.000000000001,FalsePositive,C1_L2_F1319_T20240127_142407_457.jpg,"Brier Klossing b.klossing@ufl.edu, 20"
4645.0,4308.0,4704.0,4340.0,FalsePositive,C7_L6_F6161_T20240127_154011_744.jpg,"Brier Klossing b.klossing@ufl.edu, 20"
13.872532031170119,3851.3590665038964,57.872532031170124,3882.3590665038964,Bird,C1_L2_F74_T20240127_133034_927.jpg,"Brier Klossing b.klossing@ufl.edu, 20"
5413.22432684283,2773.708873832724,5439.22432684283,2819.708873832724,Bird,C5_L3_F3158_T20240127_145513_526.jpg,"Brier Klossing b.klossing@ufl.edu, 20"
4889.769690939798,4704.230309060199,4934.769690939797,4728.230309060199,Bird,C5_L3_F3158_T20240127_145513_526.jpg,"Brier Klossing b.klossing@ufl.edu, 20"
5445.078763759191,2702.2303090602027,5472.078763759191,2744.2303090602027,Bird,C5_L3_F3158_T20240127_145513_526.jpg,"Brier Klossing b.klossing@ufl.edu, 20"
4975.4606181204035,4729.309072819393,5012.4606181204035,4758.309072819393,Bird,C5_L3_F3158_T20240127_145513_526.jpg,"Brier Klossing b.klossing@ufl.edu, 20"
4935.921236240811,4713.612163421413,4979.921236240811,4738.612163421413,FalsePositive,C5_L3_F3158_T20240127_145513_526.jpg,"Brier Klossing b.klossing@ufl.edu, 20"
4461.329257409036,2852.516254116132,4483.329257409036,2872.516254116132,FalsePositive,C6_L6_F6706_T20240127_154711_401.jpg,"Brier Klossing b.klossing@ufl.edu, 20"
5530.525472506756,613.9999999999999,5571.525472506756,642.9999999999999,FalsePositive,C4_L4_F5321_T20240127_152635_463.jpg,"Brier Klossing b.klossing@ufl.edu, 20"
4463.999999999999,490.0,4463.999999999999,550.9999999999999,FalsePositive,C1_L2_F1227_T20240127_142256_614.jpg,"Brier Klossing b.klossing@ufl.edu, 20"
3740.9999999999995,4765.0,3854.9999999999995,4852.0,FalsePositive,C7_L5_F6003_T20240127_153644_291.jpg,"Brier Klossing b.klossing@ufl.edu, 20"
1667.0000000000002,3279.0000000000005,1704.0,3312.0000000000005,FalsePositive,C7_L5_F6003_T20240127_153644_291.jpg,"Brier Klossing b.klossing@ufl.edu, 20"
1460.0000000000002,3193.0000000000005,1500.0000000000002,3254.0,FalsePositive,C7_L5_F6003_T20240127_153644_291.jpg,"Brier Klossing b.klossing@ufl.edu, 20"
5890.0,4710.0,5993.0,4851.0,FalsePositive,C7_L5_F6003_T20240127_153644_291.jpg,"Brier Klossing b.klossing@ufl.edu, 20"
1379.0,3098.0,1422.0,3170.0000000000005,FalsePositive,C7_L5_F6003_T20240127_153644_291.jpg,"Brier Klossing b.klossing@ufl.edu, 20"
3944.0,4820.000000000001,4000.0,4852.0,FalsePositive,C7_L5_F6003_T20240127_153644_291.jpg,"Brier Klossing b.klossing@ufl.edu, 20"
132.00000000000003,2858.0,191.00000000000003,2941.9999999999995,FalsePositive,C7_L5_F6003_T20240127_153644_291.jpg,"Brier Klossing b.klossing@ufl.edu, 20"
1614.0,3385.0000000000005,1677.0,3433.0,FalsePositive,C7_L5_F6003_T20240127_153644_291.jpg,"Brier Klossing b.klossing@ufl.edu, 20"
5664.0,4713.0,5716.0,4781.0,FalsePositive,C7_L5_F6003_T20240127_153644_291.jpg,"Brier Klossing b.klossing@ufl.edu, 20"
1718.9999999999998,3590.0000000000005,1756.9999999999998,3658.0000000000005,FalsePositive,C7_L5_F6003_T20240127_153644_291.jpg,"Brier Klossing b.klossing@ufl.edu, 20"
2105.9999999999995,2993.0,2138.9999999999995,3042.0000000000005,FalsePositive,C7_L5_F6003_T20240127_153644_291.jpg,"Brier Klossing b.klossing@ufl.edu, 20"
1523.0,3491.9999999999995,1573.0,3536.9999999999995,FalsePositive,C7_L5_F6003_T20240127_153644_291.jpg,"Brier Klossing b.klossing@ufl.edu, 20"
1916.0,3652.0,1972.0,3698.0,FalsePositive,C7_L5_F6003_T20240127_153644_291.jpg,"Brier Klossing b.klossing@ufl.edu, 20"
1960.0,2855.0,1993.0,2900.0000000000005,FalsePositive,C7_L5_F6003_T20240127_153644_291.jpg,"Brier Klossing b.klossing@ufl.edu, 20"
5354.0,4624.0,5449.0,4684.0,FalsePositive,C7_L5_F6003_T20240127_153644_291.jpg,"Brier Klossing b.klossing@ufl.edu, 20"
2144.0,3500.0,2215.0000000000005,3542.0,FalsePositive,C7_L5_F6003_T20240127_153644_291.jpg,"Brier Klossing b.klossing@ufl.edu, 20"
376.0,909.0,407.0,984.0,FalsePositive,C7_L5_F6003_T20240127_153644_291.jpg,"Brier Klossing b.klossing@ufl.edu, 20"
9.0,4488.0,20.0,4552.0,FalsePositive,C7_L5_F6003_T20240127_153644_291.jpg,"Brier Klossing b.klossing@ufl.edu, 20"
5196.0,4714.0,5262.0,4773.0,FalsePositive,C7_L5_F6003_T20240127_153644_291.jpg,"Brier Klossing b.klossing@ufl.edu, 20"
5249.0,4796.0,5309.0,4849.0,FalsePositive,C7_L5_F6003_T20240127_153644_291.jpg,"Brier Klossing b.klossing@ufl.edu, 20"
4700.0,4813.0,4790.0,4852.0,FalsePositive,C7_L5_F6003_T20240127_153644_291.jpg,"Brier Klossing b.klossing@ufl.edu, 20"
1803.0,3418.000000000001,1848.9999999999998,3516.0000000000005,FalsePositive,C7_L5_F6003_T20240127_153644_291.jpg,"Brier Klossing b.klossing@ufl.edu, 20"
2000.0,3083.0000000000005,2011.0,3127.0000000000005,FalsePositive,C7_L5_F6003_T20240127_153644_291.jpg,"Brier Klossing b.klossing@ufl.edu, 20"
1288.0,3072.0,1339.0,3114.9999999999995,FalsePositive,C7_L5_F6003_T20240127_153644_291.jpg,"Brier Klossing b.klossing@ufl.edu, 20"
3562.0,4544.0,3632.0000000000005,4595.0,FalsePositive,C7_L5_F6003_T20240127_153644_291.jpg,"Brier Klossing b.klossing@ufl.edu, 20"
5538.0,3997.9999999999995,5597.0,3999.9999999999995,FalsePositive,C7_L5_F6003_T20240127_153644_291.jpg,"Brier Klossing b.klossing@ufl.edu, 20"
1567.0,3406.999999999999,1600.0,3459.9999999999995,FalsePositive,C7_L5_F6003_T20240127_153644_291.jpg,"Brier Klossing b.klossing@ufl.edu, 20"
3290.0,3283.0,3352.0,3334.9999999999995,FalsePositive,C7_L5_F6003_T20240127_153644_291.jpg,"Brier Klossing b.klossing@ufl.edu, 20"
2000.0,1986.0000000000002,2023.0,1996.0000000000002,FalsePositive,C7_L5_F6003_T20240127_153644_291.jpg,"Brier Klossing b.klossing@ufl.edu, 20"
1667.0000000000002,3455.0000000000005,1700.0,3511.0000000000005,FalsePositive,C7_L5_F6003_T20240127_153644_291.jpg,"Brier Klossing b.klossing@ufl.edu, 20"
1481.0,3379.999999999999,1542.0,3414.9999999999995,FalsePositive,C7_L5_F6003_T20240127_153644_291.jpg,"Brier Klossing b.klossing@ufl.edu, 20"
2204.0,3955.0000000000005,2240.0,3996.0000000000005,FalsePositive,C7_L5_F6003_T20240127_153644_291.jpg,"Brier Klossing b.klossing@ufl.edu, 20"
2208.9999999999995,3033.0,2240.9999999999995,3072.0000000000005,FalsePositive,C7_L5_F6003_T20240127_153644_291.jpg,"Brier Klossing b.klossing@ufl.edu, 20"
1992.0,8.0,1999.0,54.0,FalsePositive,C7_L5_F6003_T20240127_153644_291.jpg,"Brier Klossing b.klossing@ufl.edu, 20"
2812.0,4221.0,2884.0,4256.0,FalsePositive,C7_L5_F6003_T20240127_153644_291.jpg,"Brier Klossing b.klossing@ufl.edu, 20"
2267.0,3004.9999999999995,2303.0,3060.9999999999995,FalsePositive,C7_L5_F6003_T20240127_153644_291.jpg,"Brier Klossing b.klossing@ufl.edu, 20"
2996.0000000000005,4025.0,3041.0000000000005,4067.9999999999995,FalsePositive,C7_L5_F6003_T20240127_153644_291.jpg,"Brier Klossing b.klossing@ufl.edu, 20"
20.0,4497.0,35.0,4558.0,FalsePositive,C7_L5_F6003_T20240127_153644_291.jpg,"Brier Klossing b.klossing@ufl.edu, 20"
1427.0,3682.0,1461.9999999999998,3728.9999999999995,FalsePositive,C7_L5_F6003_T20240127_153644_291.jpg,"Brier Klossing b.klossing@ufl.edu, 20"
3982.0,4701.0,4000.0,4799.0,FalsePositive,C7_L5_F6003_T20240127_153644_291.jpg,"Brier Klossing b.klossing@ufl.edu, 20"
4867.0,1990.9999999999998,4928.0,1997.9999999999998,FalsePositive,C7_L5_F6003_T20240127_153644_291.jpg,"Brier Klossing b.klossing@ufl.edu, 20"
5970.0,2852.0,5997.0,2891.0,FalsePositive,C7_L5_F6003_T20240127_153644_291.jpg,"Brier Klossing b.klossing@ufl.edu, 20"
6246.0,3204.0,6327.0,3268.0,FalsePositive,C7_L5_F6003_T20240127_153644_291.jpg,"Brier Klossing b.klossing@ufl.edu, 20"
4000.0,1988.0,4010.0,1998.0,FalsePositive,C7_L5_F6003_T20240127_153644_291.jpg,"Brier Klossing b.klossing@ufl.edu, 20"
637.0,4030.0,674.0000000000001,4102.0,FalsePositive,C7_L5_F6003_T20240127_153644_291.jpg,"Brier Klossing b.klossing@ufl.edu, 20"
5993.0,1679.9999999999998,5999.0,1753.9999999999995,FalsePositive,C7_L5_F6003_T20240127_153644_291.jpg,"Brier Klossing b.klossing@ufl.edu, 20"
4.0,4673.0,15.000000000000002,4837.0,FalsePositive,C7_L5_F6003_T20240127_153644_291.jpg,"Brier Klossing b.klossing@ufl.edu, 20"
5853.0,3035.0,5905.0,3075.0,FalsePositive,C7_L5_F6003_T20240127_153644_291.jpg,"Brier Klossing b.klossing@ufl.edu, 20"
3.0,2782.0,15.0,2829.0,FalsePositive,C7_L5_F6003_T20240127_153644_291.jpg,"Brier Klossing b.klossing@ufl.edu, 20"
2001.0,2854.0000000000005,2029.0,2889.0000000000005,FalsePositive,C7_L5_F6003_T20240127_153644_291.jpg,"Brier Klossing b.klossing@ufl.edu, 20"
11.000000000000002,3186.0,110.00000000000001,3331.0,FalsePositive,C7_L5_F6003_T20240127_153644_291.jpg,"Brier Klossing b.klossing@ufl.edu, 20"
169.0,4243.0,231.99999999999997,4306.0,FalsePositive,C7_L5_F6003_T20240127_153644_291.jpg,"Brier Klossing b.klossing@ufl.edu, 20"
3990.0,1976.0,4000.0,1999.9999999999998,FalsePositive,C7_L5_F6003_T20240127_153644_291.jpg,"Brier Klossing b.klossing@ufl.edu, 20"
2000.0,1954.0000000000002,2008.0,1983.0000000000005,FalsePositive,C7_L5_F6003_T20240127_153644_291.jpg,"Brier Klossing b.klossing@ufl.edu, 20"
2018.0000000000002,1993.0,2060.0,2000.0,FalsePositive,C7_L5_F6003_T20240127_153644_291.jpg,"Brier Klossing b.klossing@ufl.edu, 20"
3988.0000000000005,185.0,3997.0000000000005,305.0,FalsePositive,C7_L5_F6003_T20240127_153644_291.jpg,"Brier Klossing b.klossing@ufl.edu, 20"
3990.9999999999995,8.0,3998.9999999999995,47.0,FalsePositive,C7_L5_F6003_T20240127_153644_291.jpg,"Brier Klossing b.klossing@ufl.edu, 20"
1992.0,2658.0,1997.9999999999998,2722.0,FalsePositive,C7_L5_F6003_T20240127_153644_291.jpg,"Brier Klossing b.klossing@ufl.edu, 20"
1940.9999999999998,4348.0,1970.9999999999998,4393.0,FalsePositive,C7_L5_F6003_T20240127_153644_291.jpg,"Brier Klossing b.klossing@ufl.edu, 20"
66.00000000000001,2745.0,115.00000000000001,2800.0,FalsePositive,C7_L5_F6003_T20240127_153644_291.jpg,"Brier Klossing b.klossing@ufl.edu, 20"
4766.0,4670.0,4804.0,4740.0,FalsePositive,C7_L5_F6003_T20240127_153644_291.jpg,"Brier Klossing b.klossing@ufl.edu, 20"
2220.0,1355.0,2275.0000000000005,1390.0,FalsePositive,C1_L2_F259_T20240127_133257_380.jpg,"Brier Klossing b.klossing@ufl.edu, 20"
3969.9999999999995,2854.0000000000005,4000.0,2875.0000000000005,FalsePositive,C1_L2_F259_T20240127_133257_380.jpg,"Brier Klossing b.klossing@ufl.edu, 20"
1601.0,1998.0,1682.0000000000002,2000.0,FalsePositive,C1_L2_F259_T20240127_133257_380.jpg,"Brier Klossing b.klossing@ufl.edu, 20"
1997.0,3421.0000000000005,1998.9999999999998,3485.0000000000005,FalsePositive,C1_L2_F259_T20240127_133257_380.jpg,"Brier Klossing b.klossing@ufl.edu, 20"
4534.0,4179.0,4683.0,4239.0,FalsePositive,C4_L6_F6417_T20240127_154328_510.jpg,"Brier Klossing b.klossing@ufl.edu, 20"
1274.0,603.0,1334.0,642.0,FalsePositive,C4_L6_F6417_T20240127_154328_510.jpg,"Brier Klossing b.klossing@ufl.edu, 20"
4194.0,3949.0,4280.0,3997.0,FalsePositive,C4_L6_F6417_T20240127_154328_510.jpg,"Brier Klossing b.klossing@ufl.edu, 20"
1709.0,2942.0,1794.0,2983.0,FalsePositive,C4_L6_F6417_T20240127_154328_510.jpg,"Brier Klossing b.klossing@ufl.edu, 20"
5293.0,2446.0,5392.000000000001,2607.9999999999995,FalsePositive,C4_L6_F6417_T20240127_154328_510.jpg,"Brier Klossing b.klossing@ufl.edu, 20"
3966.9999999999995,3901.9999999999995,3997.9999999999995,3994.9999999999995,FalsePositive,C4_L6_F6417_T20240127_154328_510.jpg,"Brier Klossing b.klossing@ufl.edu, 20"
431.0,4808.0,466.00000000000006,4850.0,FalsePositive,C4_L6_F6417_T20240127_154328_510.jpg,"Brier Klossing b.klossing@ufl.edu, 20"
4000.0,4265.0,4011.0,4350.0,FalsePositive,C4_L6_F6417_T20240127_154328_510.jpg,"Brier Klossing b.klossing@ufl.edu, 20"
1182.0,322.0,1257.0,365.0,FalsePositive,C4_L6_F6417_T20240127_154328_510.jpg,"Brier Klossing b.klossing@ufl.edu, 20"
4463.999999999999,4114.000000000001,4505.999999999999,4167.000000000001,FalsePositive,C4_L6_F6417_T20240127_154328_510.jpg,"Brier Klossing b.klossing@ufl.edu, 20"
2769.0,377.0,2842.9999999999995,445.0,FalsePositive,C4_L6_F6417_T20240127_154328_510.jpg,"Brier Klossing b.klossing@ufl.edu, 20"
258.0,1090.0,294.0,1148.0,FalsePositive,C4_L6_F6417_T20240127_154328_510.jpg,"Brier Klossing b.klossing@ufl.edu, 20"
354.0,975.9999999999999,397.0,1005.9999999999999,FalsePositive,C4_L6_F6417_T20240127_154328_510.jpg,"Brier Klossing b.klossing@ufl.edu, 20"
1984.9999999999998,881.0,2000.0,945.0,FalsePositive,C4_L6_F6417_T20240127_154328_510.jpg,"Brier Klossing b.klossing@ufl.edu, 20"
1295.0000000000002,1111.0,1348.0000000000002,1166.0,FalsePositive,C4_L6_F6417_T20240127_154328_510.jpg,"Brier Klossing b.klossing@ufl.edu, 20"
2657.0,2853.0,2757.0,2884.0,FalsePositive,C4_L6_F6417_T20240127_154328_510.jpg,"Brier Klossing b.klossing@ufl.edu, 20"
1311.0,135.0,1369.0,168.0,FalsePositive,C4_L6_F6417_T20240127_154328_510.jpg,"Brier Klossing b.klossing@ufl.edu, 20"
1980.9999999999998,150.00000000000003,1993.0,234.0,FalsePositive,C4_L6_F6417_T20240127_154328_510.jpg,"Brier Klossing b.klossing@ufl.edu, 20"
3666.0,3702.0000000000005,3721.0,3772.0000000000005,FalsePositive,C4_L6_F6417_T20240127_154328_510.jpg,"Brier Klossing b.klossing@ufl.edu, 20"
2487.0,2855.0,2564.9999999999995,2880.0,FalsePositive,C4_L6_F6417_T20240127_154328_510.jpg,"Brier Klossing b.klossing@ufl.edu, 20"
204.0,1978.0,280.0,2000.0,FalsePositive,C4_L6_F6417_T20240127_154328_510.jpg,"Brier Klossing b.klossing@ufl.edu, 20"
5991.0,2704.0,5998.0,2776.0000000000005,FalsePositive,C4_L6_F6417_T20240127_154328_510.jpg,"Brier Klossing b.klossing@ufl.edu, 20"
4498.0,4014.0,4535.0,4044.0000000000005,FalsePositive,C4_L6_F6417_T20240127_154328_510.jpg,"Brier Klossing b.klossing@ufl.edu, 20"
1923.0,858.0,1960.0,885.0000000000001,FalsePositive,C4_L6_F6417_T20240127_154328_510.jpg,"Brier Klossing b.klossing@ufl.edu, 20"
1.0,1424.0,8.0,1478.0,FalsePositive,C4_L6_F6417_T20240127_154328_510.jpg,"Brier Klossing b.klossing@ufl.edu, 20"
4874.000000000001,4277.0,4938.000000000001,4353.0,FalsePositive,C4_L6_F6417_T20240127_154328_510.jpg,"Brier Klossing b.klossing@ufl.edu, 20"
3990.9999999999995,4253.0,3998.9999999999995,4320.0,FalsePositive,C4_L6_F6417_T20240127_154328_510.jpg,"Brier Klossing b.klossing@ufl.edu, 20"
2000.0,870.0,2009.9999999999998,934.0,FalsePositive,C4_L6_F6417_T20240127_154328_510.jpg,"Brier Klossing b.klossing@ufl.edu, 20"
3982.9999999999995,4089.0,3997.9999999999995,4145.0,FalsePositive,C4_L6_F6417_T20240127_154328_510.jpg,"Brier Klossing b.klossing@ufl.edu, 20"
1610.0000000000002,1500.0,1665.0000000000002,1570.0,FalsePositive,C4_L6_F6417_T20240127_154328_510.jpg,"Brier Klossing b.klossing@ufl.edu, 20"
1950.0000000000002,142.0,1971.0,232.0,FalsePositive,C4_L6_F6417_T20240127_154328_510.jpg,"Brier Klossing b.klossing@ufl.edu, 20"
1987.0,2313.0,1997.0,2414.0,FalsePositive,C4_L6_F6417_T20240127_154328_510.jpg,"Brier Klossing b.klossing@ufl.edu, 20"
4368.0,1629.0,4441.0,1688.0000000000002,FalsePositive,C4_L6_F6417_T20240127_154328_510.jpg,"Brier Klossing b.klossing@ufl.edu, 20"
1995.0,584.0,2000.0,627.0,FalsePositive,C4_L6_F6417_T20240127_154328_510.jpg,"Brier Klossing b.klossing@ufl.edu, 20"
6137.823340133487,2982.1766598665117,6193.823340133487,3038.1766598665117,FalsePositive,C2_L2_F1321_T20240127_134635_247.jpg,"Brier Klossing b.klossing@ufl.edu, 20"
6315.0,3997.9999999999995,6377.0,3999.9999999999995,FalsePositive,C2_L2_F1321_T20240127_134635_247.jpg,"Brier Klossing b.klossing@ufl.edu, 20"
6339.000000000001,4000.0,6411.000000000001,4000.0,FalsePositive,C2_L2_F1321_T20240127_134635_247.jpg,"Brier Klossing b.klossing@ufl.edu, 20"
1996.0,695.0,1999.0,780.9999999999999,FalsePositive,C2_L2_F1321_T20240127_134635_247.jpg,"Brier Klossing b.klossing@ufl.edu, 20"
3915.6041290793582,19.063513747101396,3972.6041290793582,205.0635137471014,Mammal,C2_L2_F163_T20240127_133143_521.jpg,"Brier Klossing b.klossing@ufl.edu, 20"
6459.0,4795.0,6464.0,4842.0,FalsePositive,C2_L2_F163_T20240127_133143_521.jpg,"Brier Klossing b.klossing@ufl.edu, 20"
4466.0,2164.0,4472.0,2229.0,FalsePositive,C2_L2_F163_T20240127_133143_521.jpg,"Brier Klossing b.klossing@ufl.edu, 20"
3996.0000000000005,482.0,3999.0000000000005,525.0,FalsePositive,C5_L3_F2051_T20240127_144101_104.jpg,"Brier Klossing b.klossing@ufl.edu, 20"
6458.0,3097.0,6464.0,3142.0000000000005,FalsePositive,C5_L3_F2051_T20240127_144101_104.jpg,"Brier Klossing b.klossing@ufl.edu, 20"
5976.0,3977.0,6000.0,3998.0000000000005,FalsePositive,C3_L3_F3745_T20240127_150245_479.jpg,"Brier Klossing b.klossing@ufl.edu, 20"
193.0,2000.0,266.99999999999994,2006.0000000000002,FalsePositive,C3_L3_F3745_T20240127_150245_479.jpg,"Brier Klossing b.klossing@ufl.edu, 20"
1962.0000000000002,4776.0,2000.0,4849.0,FalsePositive,C3_L3_F3745_T20240127_150245_479.jpg,"Brier Klossing b.klossing@ufl.edu, 20"
0.0,271.0,2.0,308.0,FalsePositive,C3_L3_F3745_T20240127_150245_479.jpg,"Brier Klossing b.klossing@ufl.edu, 20"
4000.0,3611.0,4003.0,3667.0,FalsePositive,C3_L3_F3745_T20240127_150245_479.jpg,"Brier Klossing b.klossing@ufl.edu, 20"
4764.0,0.0,4832.0,5.0,FalsePositive,C6_L4_F3864_T20240127_150753_838.jpg,"Brier Klossing b.klossing@ufl.edu, 20"
1993.0,2514.9999999999995,1996.0,2556.0,FalsePositive,C6_L4_F3864_T20240127_150753_838.jpg,"Brier Klossing b.klossing@ufl.edu, 20"
2000.0,3087.0,2005.9999999999998,3128.9999999999995,FalsePositive,C6_L4_F3864_T20240127_150753_838.jpg,"Brier Klossing b.klossing@ufl.edu, 20"
2696.0,1998.0,2786.0,2000.0,FalsePositive,C6_L4_F3864_T20240127_150753_838.jpg,"Brier Klossing b.klossing@ufl.edu, 20"
1641.81489097428,1678.7541482484396,1683.8148909742797,1705.7541482484396,FalsePositive,C2_L6_F6156_T20240127_154007_682.jpg,"Brier Klossing b.klossing@ufl.edu, 20"
494.0,3995.0,552.0,3999.0,FalsePositive,C5_L4_F4658_T20240127_151805_213.jpg,"Brier Klossing b.klossing@ufl.edu, 20"
5127.999999999999,1004.0,5158.999999999999,1052.0,FalsePositive,C3_L1_F553_T20240127_141348_567.jpg,"Brier Klossing b.klossing@ufl.edu, 20"
1995.0,4552.0,2000.0,4614.0,FalsePositive,C3_L1_F553_T20240127_141348_567.jpg,"Brier Klossing b.klossing@ufl.edu, 20"
2007.0,4850.0,2044.0,4852.0,FalsePositive,C3_L1_F553_T20240127_141348_567.jpg,"Brier Klossing b.klossing@ufl.edu, 20"
3146.0000000000005,1996.0000000000002,3214.0000000000005,1999.0000000000002,FalsePositive,C3_L1_F553_T20240127_141348_567.jpg,"Brier Klossing b.klossing@ufl.edu, 20"
