image_path,xmin,ymin,xmax,ymax,label,annotator
C6_L1_F329_T20241219_170152_198.jpg,0.0,0.0,0.0,0.0,0," sanacleto@ufl.edu, 24"
C4_L1_F895_T20241219_170943_755.jpg,3685.0000000000005,3357.0,3722.0000000000005,3412.0,FalsePositive," sanacleto@ufl.edu, 24"
C4_L1_F895_T20241219_170943_755.jpg,1760.0000000000002,2582.0,1805.0,2629.9999999999995,FalsePositive," sanacleto@ufl.edu, 24"
C4_L1_F895_T20241219_170943_755.jpg,5108.0,31.0,5131.0,71.0,FalsePositive," sanacleto@ufl.edu, 24"
C4_L1_F895_T20241219_170943_755.jpg,5839.0,321.0,5865.0,334.99999999999994,FalsePositive," sanacleto@ufl.edu, 24"
C5_L1_F248_T20241219_170044_528.jpg,6412.0,3431.0000000000005,6434.000000000001,3449.0000000000005,FalsePositive," sanacleto@ufl.edu, 24"
C4_L1_F1705_T20241219_172059_475.jpg,4864.0,973.0,4914.0,999.0,FalsePositive," sanacleto@ufl.edu, 24"
C4_L1_F1705_T20241219_172059_475.jpg,3097.0000000000005,1417.0,3125.0000000000005,1448.0,FalsePositive," sanacleto@ufl.edu, 24"
C4_L1_F1705_T20241219_172059_475.jpg,4568.000000000001,1007.0,4599.0,1039.0,FalsePositive," sanacleto@ufl.edu, 24"
C4_L1_F1705_T20241219_172059_475.jpg,834.0,3309.0,860.0,3336.0,FalsePositive," sanacleto@ufl.edu, 24"
C4_L1_F1705_T20241219_172059_475.jpg,4070.9999999999995,1782.9999999999998,4097.0,1800.9999999999998,FalsePositive," sanacleto@ufl.edu, 24"
C4_L1_F1705_T20241219_172059_475.jpg,3911.0000000000005,3773.9999999999995,3944.0000000000005,3801.9999999999995,FalsePositive," sanacleto@ufl.edu, 24"
C4_L1_F1705_T20241219_172059_475.jpg,5945.0,3682.0,5977.0,3717.0,FalsePositive," sanacleto@ufl.edu, 24"
C4_L1_F1705_T20241219_172059_475.jpg,4745.0,2192.0,4793.0,2221.0,FalsePositive," sanacleto@ufl.edu, 24"
C4_L1_F1705_T20241219_172059_475.jpg,5972.0,3524.0,5986.0,3559.0000000000005,FalsePositive," sanacleto@ufl.edu, 24"
C4_L1_F1705_T20241219_172059_475.jpg,5281.000000000001,2186.0,5323.000000000001,2223.0,FalsePositive," sanacleto@ufl.edu, 24"
C4_L1_F1705_T20241219_172059_475.jpg,5004.0,2611.0,5037.0,2639.9999999999995,FalsePositive," sanacleto@ufl.edu, 24"
C4_L1_F1705_T20241219_172059_475.jpg,3448.0,3278.0,3491.0000000000005,3304.0,FalsePositive," sanacleto@ufl.edu, 24"
C3_L1_F5_T20241219_165720_799.jpg,2735.0,633.0,2782.0,732.9999999999999,Aves," sanacleto@ufl.edu, 24"
C3_L1_F803_T20241219_170827_317.jpg,2570.0,1786.0,2623.0,1809.9999999999998,FalsePositive," sanacleto@ufl.edu, 24"
C3_L1_F803_T20241219_170827_317.jpg,4699.0,605.0,4767.0,634.0,FalsePositive," sanacleto@ufl.edu, 24"
C3_L1_F803_T20241219_170827_317.jpg,2503.0,3305.9999999999995,2555.0,3333.999999999999,FalsePositive," sanacleto@ufl.edu, 24"
C3_L1_F803_T20241219_170827_317.jpg,2857.0,1442.9999999999998,2903.0,1472.9999999999998,FalsePositive," sanacleto@ufl.edu, 24"
C3_L1_F803_T20241219_170827_317.jpg,1077.0,1644.0,1110.0,1676.9999999999998,FalsePositive," sanacleto@ufl.edu, 24"
C3_L1_F803_T20241219_170827_317.jpg,1396.0000000000002,2161.0,1447.0000000000002,2192.0,FalsePositive," sanacleto@ufl.edu, 24"
C3_L1_F803_T20241219_170827_317.jpg,1502.0,4374.0,1565.0,4411.0,FalsePositive," sanacleto@ufl.edu, 24"
C3_L1_F803_T20241219_170827_317.jpg,3666.9999999999995,3608.9999999999995,3691.0,3645.9999999999995,FalsePositive," sanacleto@ufl.edu, 24"
C3_L1_F803_T20241219_170827_317.jpg,5546.0,1451.0,5588.0,1489.0,FalsePositive," sanacleto@ufl.edu, 24"
C3_L1_F803_T20241219_170827_317.jpg,4208.999999999999,1950.9999999999998,4241.999999999999,1987.0,FalsePositive," sanacleto@ufl.edu, 24"
C3_L1_F803_T20241219_170827_317.jpg,5063.0,4407.0,5110.0,4457.0,FalsePositive," sanacleto@ufl.edu, 24"
C3_L1_F803_T20241219_170827_317.jpg,3647.9999999999995,1772.0,3689.0,1790.9999999999998,FalsePositive," sanacleto@ufl.edu, 24"
C3_L1_F803_T20241219_170827_317.jpg,4400.0,4141.0,4464.0,4178.999999999999,FalsePositive," sanacleto@ufl.edu, 24"
C3_L1_F803_T20241219_170827_317.jpg,115.99999999999999,798.0,148.0,833.9999999999999,FalsePositive," sanacleto@ufl.edu, 24"
C3_L1_F803_T20241219_170827_317.jpg,1384.0,63.0,1437.0,88.0,FalsePositive," sanacleto@ufl.edu, 24"
C3_L1_F803_T20241219_170827_317.jpg,5521.0,829.0000000000001,5554.0,860.0000000000001,FalsePositive," sanacleto@ufl.edu, 24"
C3_L1_F803_T20241219_170827_317.jpg,5595.0,2242.0,5633.0,2305.0000000000005,FalsePositive," sanacleto@ufl.edu, 24"
C3_L1_F803_T20241219_170827_317.jpg,6411.0,3748.0,6431.0,3766.0,FalsePositive," sanacleto@ufl.edu, 24"
C6_L1_F843_T20241219_170900_981.jpg,4643.0,321.0,4701.0,341.0,FalsePositive," sanacleto@ufl.edu, 24"
C6_L1_F843_T20241219_170900_981.jpg,400.0,2869.0,452.00000000000006,2890.0000000000005,FalsePositive," sanacleto@ufl.edu, 24"
C6_L1_F843_T20241219_170900_981.jpg,5766.0,1919.9999999999998,5793.0,1963.9999999999998,FalsePositive," sanacleto@ufl.edu, 24"
C6_L1_F843_T20241219_170900_981.jpg,2433.9999999999995,3230.0,2465.9999999999995,3274.0000000000005,FalsePositive," sanacleto@ufl.edu, 24"
C6_L1_F843_T20241219_170900_981.jpg,3876.0,2369.0,3900.0000000000005,2424.0,FalsePositive," sanacleto@ufl.edu, 24"
C6_L1_F843_T20241219_170900_981.jpg,2075.0,4328.0,2128.0,4355.0,FalsePositive," sanacleto@ufl.edu, 24"
C6_L1_F843_T20241219_170900_981.jpg,4301.0,198.0,4337.0,222.99999999999997,FalsePositive," sanacleto@ufl.edu, 24"
C6_L1_F843_T20241219_170900_981.jpg,4348.0,2639.0000000000005,4384.0,2663.0,FalsePositive," sanacleto@ufl.edu, 24"
C6_L1_F843_T20241219_170900_981.jpg,5890.0,2380.0,5922.0,2412.0,FalsePositive," sanacleto@ufl.edu, 24"
C6_L1_F843_T20241219_170900_981.jpg,3801.0,119.99999999999999,3832.0,148.0,FalsePositive," sanacleto@ufl.edu, 24"
C6_L1_F843_T20241219_170900_981.jpg,4902.0,3339.9999999999995,4945.0,3376.9999999999995,FalsePositive," sanacleto@ufl.edu, 24"
C5_L1_F744_T20241219_170738_299.jpg,2804.0,3869.999999999999,2855.0,3892.999999999999,FalsePositive," sanacleto@ufl.edu, 24"
C5_L1_F744_T20241219_170738_299.jpg,3934.0,2569.9999999999995,3998.0,2606.0,FalsePositive," sanacleto@ufl.edu, 24"
C5_L1_F744_T20241219_170738_299.jpg,629.0000000000001,2807.0,652.0000000000001,2849.9999999999995,FalsePositive," sanacleto@ufl.edu, 24"
C5_L1_F744_T20241219_170738_299.jpg,180.0,4018.0,210.0,4070.0,FalsePositive," sanacleto@ufl.edu, 24"
C7_L1_F840_T20241219_170858_586.jpg,3001.0,3878.0,3044.0,3900.0,FalsePositive," sanacleto@ufl.edu, 24"
C7_L1_F840_T20241219_170858_586.jpg,5266.0,3152.0,5301.0,3188.0000000000005,FalsePositive," sanacleto@ufl.edu, 24"
C7_L1_F840_T20241219_170858_586.jpg,3918.0,3881.0000000000005,3947.0,3913.0000000000005,FalsePositive," sanacleto@ufl.edu, 24"
C7_L1_F840_T20241219_170858_586.jpg,3199.0,191.0,3215.0,205.00000000000003,FalsePositive," sanacleto@ufl.edu, 24"
C7_L1_F840_T20241219_170858_586.jpg,1762.0,1429.0,1803.0,1479.9999999999998,FalsePositive," sanacleto@ufl.edu, 24"
C7_L1_F840_T20241219_170858_586.jpg,195.0,2890.0,224.99999999999997,2967.0,FalsePositive," sanacleto@ufl.edu, 24"
C7_L1_F840_T20241219_170858_586.jpg,5232.000000000001,4230.0,5293.000000000001,4254.0,FalsePositive," sanacleto@ufl.edu, 24"
C7_L1_F840_T20241219_170858_586.jpg,637.0,4783.000000000001,661.0,4823.000000000001,FalsePositive," sanacleto@ufl.edu, 24"
C1_L1_F572_T20241219_170514_421.jpg,3660.0,1196.0,3706.0000000000005,1223.0,FalsePositive," sanacleto@ufl.edu, 24"
C1_L1_F572_T20241219_170514_421.jpg,3477.0,614.0000000000001,3518.0000000000005,665.0000000000001,FalsePositive," sanacleto@ufl.edu, 24"
C1_L1_F572_T20241219_170514_421.jpg,3216.0,3438.0000000000005,3270.9999999999995,3486.0000000000005,FalsePositive," sanacleto@ufl.edu, 24"
C1_L1_F572_T20241219_170514_421.jpg,2345.0,1001.0,2370.9999999999995,1036.0,FalsePositive," sanacleto@ufl.edu, 24"
C1_L1_F572_T20241219_170514_421.jpg,2265.0,130.0,2299.0,157.0,FalsePositive," sanacleto@ufl.edu, 24"
C1_L1_F572_T20241219_170514_421.jpg,1835.9999999999998,3621.0,1876.9999999999998,3654.9999999999995,FalsePositive," sanacleto@ufl.edu, 24"
C5_L1_F844_T20241219_170901_725.jpg,1632.0,386.0,1669.0,429.0,FalsePositive," sanacleto@ufl.edu, 24"
C5_L1_F844_T20241219_170901_725.jpg,1629.9999999999998,784.0,1663.9999999999998,827.0,FalsePositive," sanacleto@ufl.edu, 24"
C5_L1_F844_T20241219_170901_725.jpg,0.0,1742.0,64.0,1797.0,FalsePositive," sanacleto@ufl.edu, 24"
C5_L1_F844_T20241219_170901_725.jpg,4393.0,2400.0000000000005,4443.0,2423.0000000000005,FalsePositive," sanacleto@ufl.edu, 24"
C5_L1_F844_T20241219_170901_725.jpg,2223.0,3767.0,2264.0,3787.0,FalsePositive," sanacleto@ufl.edu, 24"
C5_L1_F844_T20241219_170901_725.jpg,3299.9999999999995,3615.0,3331.9999999999995,3645.0000000000005,FalsePositive," sanacleto@ufl.edu, 24"
C3_L1_F828_T20241219_170848_173.jpg,5601.0,3347.9999999999995,5650.000000000001,3371.9999999999995,FalsePositive," sanacleto@ufl.edu, 24"
C3_L1_F828_T20241219_170848_173.jpg,4950.0,3852.0000000000005,4992.0,3886.0,FalsePositive," sanacleto@ufl.edu, 24"
C3_L1_F828_T20241219_170848_173.jpg,1447.0,3833.0000000000005,1510.0,3868.0000000000005,FalsePositive," sanacleto@ufl.edu, 24"
C3_L1_F828_T20241219_170848_173.jpg,209.0,4389.0,268.0,4413.0,FalsePositive," sanacleto@ufl.edu, 24"
C3_L1_F828_T20241219_170848_173.jpg,4831.0,137.0,4863.0,166.0,FalsePositive," sanacleto@ufl.edu, 24"
C3_L1_F828_T20241219_170848_173.jpg,4616.999999999999,3368.0,4643.999999999999,3409.0,FalsePositive," sanacleto@ufl.edu, 24"
C3_L1_F828_T20241219_170848_173.jpg,6428.0,1013.9999999999999,6460.0,1042.9999999999998,FalsePositive," sanacleto@ufl.edu, 24"
C3_L1_F828_T20241219_170848_173.jpg,2757.0,2934.0,2820.0,2968.0,FalsePositive," sanacleto@ufl.edu, 24"
C3_L1_F828_T20241219_170848_173.jpg,6083.000000000001,1304.0,6128.0,1334.0,FalsePositive," sanacleto@ufl.edu, 24"
C3_L1_F828_T20241219_170848_173.jpg,2783.0,395.0,2844.0,432.99999999999994,FalsePositive," sanacleto@ufl.edu, 24"
C3_L1_F828_T20241219_170848_173.jpg,4309.999999999999,254.0,4335.999999999999,281.0,FalsePositive," sanacleto@ufl.edu, 24"
C5_L1_F69_T20241219_165815_209.jpg,828.9999999999999,4412.0,885.9999999999999,4465.0,FalsePositive," sanacleto@ufl.edu, 24"
C5_L1_F69_T20241219_165815_209.jpg,2644.0,3892.9999999999995,2683.0,3933.9999999999995,FalsePositive," sanacleto@ufl.edu, 24"
C5_L1_F69_T20241219_165815_209.jpg,5913.0,159.0,5968.0,178.0,FalsePositive," sanacleto@ufl.edu, 24"
C5_L1_F69_T20241219_165815_209.jpg,5985.999999999999,727.0,6014.999999999999,756.9999999999999,FalsePositive," sanacleto@ufl.edu, 24"
C5_L1_F69_T20241219_165815_209.jpg,1436.0,2053.0,1459.0,2068.0,FalsePositive," sanacleto@ufl.edu, 24"
C5_L1_F69_T20241219_165815_209.jpg,6175.0,2319.0,6204.0,2347.0,FalsePositive," sanacleto@ufl.edu, 24"
C5_L1_F69_T20241219_165815_209.jpg,1920.9999999999998,1848.9999999999998,1997.9999999999998,1906.9999999999998,FalsePositive," sanacleto@ufl.edu, 24"
C4_L1_F762_T20241219_170752_809.jpg,3917.0,1451.9999999999998,3957.0,1486.9999999999998,FalsePositive," benweinstein2010@gmail.com, 2"
C4_L1_F762_T20241219_170752_809.jpg,3917.0,1451.9999999999998,3957.0,1486.9999999999998,Larus argentatus," benweinstein2010@gmail.com, 2"
C4_L1_F762_T20241219_170752_809.jpg,1703.0000000000002,2175.0,1743.0000000000002,2204.0000000000005,FalsePositive," benweinstein2010@gmail.com, 2"
C4_L1_F762_T20241219_170752_809.jpg,1703.0000000000002,2175.0,1743.0000000000002,2204.0000000000005,Leucophaeus atricilla," benweinstein2010@gmail.com, 2"
C4_L1_F762_T20241219_170752_809.jpg,3344.9999999999995,2196.0,3380.0,2229.0,FalsePositive," benweinstein2010@gmail.com, 2"
C4_L1_F762_T20241219_170752_809.jpg,3344.9999999999995,2196.0,3380.0,2229.0,Bucephala albeola," benweinstein2010@gmail.com, 2"
C4_L1_F762_T20241219_170752_809.jpg,126.0,1364.0,167.0,1400.0,FalsePositive," benweinstein2010@gmail.com, 2"
C4_L1_F762_T20241219_170752_809.jpg,126.0,1364.0,167.0,1400.0,Leucophaeus atricilla," benweinstein2010@gmail.com, 2"
C4_L1_F762_T20241219_170752_809.jpg,1899.0,202.00000000000003,1926.0,244.00000000000003,FalsePositive," benweinstein2010@gmail.com, 2"
C4_L1_F762_T20241219_170752_809.jpg,1899.0,202.00000000000003,1926.0,244.00000000000003,Leucophaeus atricilla," benweinstein2010@gmail.com, 2"
C4_L1_F762_T20241219_170752_809.jpg,1041.9999999999998,2026.0,1096.0,2044.9999999999998,FalsePositive," benweinstein2010@gmail.com, 2"
C4_L1_F762_T20241219_170752_809.jpg,1041.9999999999998,2026.0,1096.0,2044.9999999999998,Leucophaeus atricilla," benweinstein2010@gmail.com, 2"
C4_L1_F762_T20241219_170752_809.jpg,3053.0,1220.0,3092.0000000000005,1259.0,FalsePositive," benweinstein2010@gmail.com, 2"
C4_L1_F762_T20241219_170752_809.jpg,3053.0,1220.0,3092.0000000000005,1259.0,Leucophaeus atricilla," benweinstein2010@gmail.com, 2"
C4_L1_F762_T20241219_170752_809.jpg,6002.0,1525.0,6023.0,1568.0,FalsePositive," benweinstein2010@gmail.com, 2"
C4_L1_F762_T20241219_170752_809.jpg,6002.0,1525.0,6023.0,1568.0,Leucophaeus atricilla," benweinstein2010@gmail.com, 2"
C4_L1_F762_T20241219_170752_809.jpg,865.0,435.0,903.9999999999999,457.99999999999994,FalsePositive," benweinstein2010@gmail.com, 2"
C4_L1_F762_T20241219_170752_809.jpg,865.0,435.0,903.9999999999999,457.99999999999994,Leucophaeus atricilla," benweinstein2010@gmail.com, 2"
C4_L1_F762_T20241219_170752_809.jpg,5218.0,97.0,5244.0,140.0,FalsePositive," benweinstein2010@gmail.com, 2"
C4_L1_F762_T20241219_170752_809.jpg,5218.0,97.0,5244.0,140.0,Leucophaeus atricilla," benweinstein2010@gmail.com, 2"
C4_L1_F762_T20241219_170752_809.jpg,2092.0,461.99999999999994,2129.0,488.99999999999994,FalsePositive," benweinstein2010@gmail.com, 2"
C4_L1_F762_T20241219_170752_809.jpg,2092.0,461.99999999999994,2129.0,488.99999999999994,Bucephala albeola," benweinstein2010@gmail.com, 2"
C4_L1_F762_T20241219_170752_809.jpg,4363.999999999999,2981.9999999999995,4404.999999999999,3000.0,FalsePositive," benweinstein2010@gmail.com, 2"
C4_L1_F762_T20241219_170752_809.jpg,4363.999999999999,2981.9999999999995,4404.999999999999,3000.0,Leucophaeus atricilla," benweinstein2010@gmail.com, 2"
C4_L1_F762_T20241219_170752_809.jpg,5033.0,4493.0,5084.0,4556.0,FalsePositive," benweinstein2010@gmail.com, 2"
C4_L1_F762_T20241219_170752_809.jpg,5033.0,4493.0,5084.0,4556.0,Leucophaeus atricilla," benweinstein2010@gmail.com, 2"
C4_L1_F762_T20241219_170752_809.jpg,3133.0,1385.0,3178.0,1417.0,FalsePositive," benweinstein2010@gmail.com, 2"
C4_L1_F762_T20241219_170752_809.jpg,3133.0,1385.0,3178.0,1417.0,Leucophaeus atricilla," benweinstein2010@gmail.com, 2"
C4_L1_F762_T20241219_170752_809.jpg,2521.0,1314.0,2542.0,1351.0,FalsePositive," benweinstein2010@gmail.com, 2"
C4_L1_F762_T20241219_170752_809.jpg,2521.0,1314.0,2542.0,1351.0,Leucophaeus atricilla," benweinstein2010@gmail.com, 2"
C2_L1_F1552_T20241219_171852_050.jpg,4882.493983125149,3493.751756061147,5180.792376802275,3734.594282601708,Mammalia," sanacleto@ufl.edu, 24"
C3_L1_F855_T20241219_170910_706.jpg,3202.0,1078.0,3251.0,1103.0,FalsePositive," sanacleto@ufl.edu, 24"
C3_L1_F855_T20241219_170910_706.jpg,4210.0,1584.0,4250.0,1613.0,FalsePositive," sanacleto@ufl.edu, 24"
C3_L1_F855_T20241219_170910_706.jpg,4878.000000000001,623.0,4919.000000000001,658.9999999999999,FalsePositive," sanacleto@ufl.edu, 24"
C3_L1_F855_T20241219_170910_706.jpg,3142.0,172.0,3189.0000000000005,204.0,FalsePositive," sanacleto@ufl.edu, 24"
C3_L1_F855_T20241219_170910_706.jpg,4006.0,433.99999999999994,4053.0,516.0,FalsePositive," sanacleto@ufl.edu, 24"
C3_L1_F855_T20241219_170910_706.jpg,2405.0,236.99999999999997,2456.0,277.0,FalsePositive," sanacleto@ufl.edu, 24"
C3_L1_F855_T20241219_170910_706.jpg,448.00000000000006,2834.0,485.00000000000006,2871.0,FalsePositive," sanacleto@ufl.edu, 24"
C3_L1_F855_T20241219_170910_706.jpg,1137.0,195.0,1196.0,260.0,FalsePositive," sanacleto@ufl.edu, 24"
C1_L1_F827_T20241219_170847_144.jpg,4728.0,2707.0,4772.0,2734.0,FalsePositive," sanacleto@ufl.edu, 24"
C1_L1_F827_T20241219_170847_144.jpg,2047.0,2338.0,2084.0,2370.0,FalsePositive," sanacleto@ufl.edu, 24"
C1_L1_F827_T20241219_170847_144.jpg,3012.0,2138.0,3050.0,2168.0,FalsePositive," sanacleto@ufl.edu, 24"
C1_L1_F827_T20241219_170847_144.jpg,4915.999999999999,3859.0,4962.999999999999,3890.0,FalsePositive," sanacleto@ufl.edu, 24"
C1_L1_F827_T20241219_170847_144.jpg,4247.0,3667.0,4277.0,3707.0,FalsePositive," sanacleto@ufl.edu, 24"
C1_L1_F827_T20241219_170847_144.jpg,5031.0,2805.0,5064.0,2841.0,FalsePositive," sanacleto@ufl.edu, 24"
C1_L1_F827_T20241219_170847_144.jpg,2412.0000000000005,3956.0,2470.0,4000.0,FalsePositive," sanacleto@ufl.edu, 24"
C1_L1_F827_T20241219_170847_144.jpg,3867.0,1819.0,3916.0000000000005,1874.0,FalsePositive," sanacleto@ufl.edu, 24"
C1_L1_F827_T20241219_170847_144.jpg,2369.0,58.00000000000001,2414.0,78.00000000000001,FalsePositive," sanacleto@ufl.edu, 24"
C1_L1_F827_T20241219_170847_144.jpg,5362.0,709.0000000000001,5392.000000000001,748.0,FalsePositive," sanacleto@ufl.edu, 24"
C1_L1_F827_T20241219_170847_144.jpg,2331.0,4330.000000000001,2372.0,4365.000000000001,FalsePositive," sanacleto@ufl.edu, 24"
C1_L1_F827_T20241219_170847_144.jpg,395.0,1129.0,446.00000000000006,1169.0,FalsePositive," sanacleto@ufl.edu, 24"
C1_L1_F827_T20241219_170847_144.jpg,1386.0,749.0000000000001,1420.0,782.0000000000001,FalsePositive," sanacleto@ufl.edu, 24"
C1_L1_F827_T20241219_170847_144.jpg,1234.0,3978.0,1289.0,4000.0,FalsePositive," sanacleto@ufl.edu, 24"
C1_L1_F827_T20241219_170847_144.jpg,933.9999999999999,3065.0,984.0,3092.0000000000005,FalsePositive," sanacleto@ufl.edu, 24"
C1_L1_F827_T20241219_170847_144.jpg,2208.9999999999995,625.0,2250.9999999999995,671.0,FalsePositive," sanacleto@ufl.edu, 24"
C1_L1_F827_T20241219_170847_144.jpg,510.0,1300.0,527.0,1332.0,FalsePositive," sanacleto@ufl.edu, 24"
C1_L1_F827_T20241219_170847_144.jpg,676.0,2312.0,722.0,2340.0,FalsePositive," sanacleto@ufl.edu, 24"
C1_L1_F827_T20241219_170847_144.jpg,2269.0,3789.0,2301.0,3822.0,FalsePositive," sanacleto@ufl.edu, 24"
C1_L1_F827_T20241219_170847_144.jpg,3467.0000000000005,1650.0,3503.0,1667.0,FalsePositive," sanacleto@ufl.edu, 24"
C1_L1_F827_T20241219_170847_144.jpg,2884.0,1020.0000000000001,2941.0,1045.0,FalsePositive," sanacleto@ufl.edu, 24"
C1_L1_F827_T20241219_170847_144.jpg,1254.0,863.0,1279.0,898.0,FalsePositive," sanacleto@ufl.edu, 24"
C3_L1_F848_T20241219_170904_854.jpg,5711.0,2954.0,5770.999999999999,2981.9999999999995,FalsePositive," sanacleto@ufl.edu, 24"
C3_L1_F848_T20241219_170904_854.jpg,5538.0,4308.0,5579.0,4339.0,FalsePositive," sanacleto@ufl.edu, 24"
C3_L1_F848_T20241219_170904_854.jpg,3119.0000000000005,2573.0,3165.0,2597.9999999999995,FalsePositive," sanacleto@ufl.edu, 24"
C3_L1_F848_T20241219_170904_854.jpg,3822.0,2142.0,3856.0,2178.0,FalsePositive," sanacleto@ufl.edu, 24"
C3_L1_F848_T20241219_170904_854.jpg,919.0,108.0,941.9999999999999,145.0,FalsePositive," sanacleto@ufl.edu, 24"
C2_L1_F825_T20241219_170845_574.jpg,274.0,1448.0,316.0,1488.0,FalsePositive," sanacleto@ufl.edu, 24"
C2_L1_F825_T20241219_170845_574.jpg,5464.0,3379.999999999999,5501.0,3416.999999999999,FalsePositive," sanacleto@ufl.edu, 24"
C2_L1_F825_T20241219_170845_574.jpg,4097.0,3538.0,4134.0,3579.0,FalsePositive," sanacleto@ufl.edu, 24"
C2_L1_F825_T20241219_170845_574.jpg,5667.0,166.0,5704.0,210.0,FalsePositive," sanacleto@ufl.edu, 24"
C2_L1_F825_T20241219_170845_574.jpg,361.0,1873.0,393.0,1909.0,FalsePositive," sanacleto@ufl.edu, 24"
C2_L1_F825_T20241219_170845_574.jpg,5658.0,1008.0,5698.0,1046.0,FalsePositive," sanacleto@ufl.edu, 24"
C2_L1_F825_T20241219_170845_574.jpg,3693.0000000000005,1613.9999999999998,3751.0,1656.9999999999998,FalsePositive," sanacleto@ufl.edu, 24"
C2_L1_F825_T20241219_170845_574.jpg,2736.9999999999995,2614.0,2761.9999999999995,2664.0,FalsePositive," sanacleto@ufl.edu, 24"
C2_L1_F825_T20241219_170845_574.jpg,5511.0,2766.9999999999995,5539.0,2814.9999999999995,FalsePositive," sanacleto@ufl.edu, 24"
C2_L1_F825_T20241219_170845_574.jpg,97.0,3166.0,145.0,3199.0,FalsePositive," sanacleto@ufl.edu, 24"
C2_L1_F825_T20241219_170845_574.jpg,789.0,3910.0,826.9999999999999,3943.9999999999995,FalsePositive," sanacleto@ufl.edu, 24"
C2_L1_F825_T20241219_170845_574.jpg,4028.0000000000005,4057.0,4053.0000000000005,4092.0,FalsePositive," sanacleto@ufl.edu, 24"
C2_L1_F825_T20241219_170845_574.jpg,3370.0,966.0,3408.9999999999995,1000.0,FalsePositive," sanacleto@ufl.edu, 24"
C2_L1_F825_T20241219_170845_574.jpg,3085.0,4464.0,3149.0,4504.0,FalsePositive," sanacleto@ufl.edu, 24"
C2_L1_F825_T20241219_170845_574.jpg,814.9999999999999,193.0,847.9999999999999,230.0,FalsePositive," sanacleto@ufl.edu, 24"
C2_L1_F825_T20241219_170845_574.jpg,3881.0,4611.0,3910.0,4631.0,FalsePositive," sanacleto@ufl.edu, 24"
C2_L1_F825_T20241219_170845_574.jpg,4849.0,1501.0,4872.0,1537.0000000000002,FalsePositive," sanacleto@ufl.edu, 24"
C2_L1_F825_T20241219_170845_574.jpg,1170.0,1500.0,1203.0,1525.9999999999998,FalsePositive," sanacleto@ufl.edu, 24"
C2_L1_F825_T20241219_170845_574.jpg,3949.0,2565.0,3998.0,2597.0,FalsePositive," sanacleto@ufl.edu, 24"
C2_L1_F825_T20241219_170845_574.jpg,4038.9999999999995,2266.0,4067.9999999999995,2281.0,FalsePositive," sanacleto@ufl.edu, 24"
C2_L1_F825_T20241219_170845_574.jpg,3313.0000000000005,4785.0,3347.0,4818.0,FalsePositive," sanacleto@ufl.edu, 24"
C2_L1_F825_T20241219_170845_574.jpg,4000.0,2571.0,4034.0,2603.0,FalsePositive," sanacleto@ufl.edu, 24"
C2_L1_F825_T20241219_170845_574.jpg,638.0,978.0,671.0000000000001,1000.0,FalsePositive," sanacleto@ufl.edu, 24"
C2_L1_F825_T20241219_170845_574.jpg,2066.0,126.0,2142.0,173.0,FalsePositive," sanacleto@ufl.edu, 24"
C7_L1_F868_T20241219_170921_955.jpg,280.0,3909.0,313.99999999999994,3947.0,FalsePositive," sanacleto@ufl.edu, 24"
C7_L1_F868_T20241219_170921_955.jpg,3791.0,4671.0,3824.0000000000005,4708.0,FalsePositive," sanacleto@ufl.edu, 24"
C7_L1_F868_T20241219_170921_955.jpg,1911.0,4121.0,1950.0000000000002,4148.0,FalsePositive," sanacleto@ufl.edu, 24"
C7_L1_F868_T20241219_170921_955.jpg,5750.0,2227.0,5768.0,2263.0,FalsePositive," sanacleto@ufl.edu, 24"
C4_L1_F802_T20241219_170826_179.jpg,1418.9999999999998,1792.9999999999995,1455.9999999999998,1826.9999999999995,FalsePositive," sanacleto@ufl.edu, 24"
C4_L1_F802_T20241219_170826_179.jpg,5516.0,2821.0,5569.0,2853.0,FalsePositive," sanacleto@ufl.edu, 24"
C4_L1_F802_T20241219_170826_179.jpg,878.0000000000001,624.0,935.0,647.0,FalsePositive," sanacleto@ufl.edu, 24"
C4_L1_F802_T20241219_170826_179.jpg,2595.0,4399.0,2654.0,4425.0,FalsePositive," sanacleto@ufl.edu, 24"
C4_L1_F802_T20241219_170826_179.jpg,913.9999999999999,144.0,992.0,209.00000000000003,FalsePositive," sanacleto@ufl.edu, 24"
C4_L1_F802_T20241219_170826_179.jpg,582.0,4498.999999999999,632.0,4522.999999999999,FalsePositive," sanacleto@ufl.edu, 24"
C4_L1_F802_T20241219_170826_179.jpg,5665.0,1000.0,5712.0,1021.0,FalsePositive," sanacleto@ufl.edu, 24"
C4_L1_F802_T20241219_170826_179.jpg,303.0,2017.0,335.0,2047.0,FalsePositive," sanacleto@ufl.edu, 24"
C4_L1_F802_T20241219_170826_179.jpg,5726.0,3623.9999999999995,5796.000000000001,3686.9999999999995,FalsePositive," sanacleto@ufl.edu, 24"
C4_L1_F802_T20241219_170826_179.jpg,696.0,2628.0,748.0,2673.0,FalsePositive," sanacleto@ufl.edu, 24"
C4_L1_F802_T20241219_170826_179.jpg,3891.0,3000.0,3910.9999999999995,3018.9999999999995,FalsePositive," sanacleto@ufl.edu, 24"
C4_L1_F802_T20241219_170826_179.jpg,958.0,4523.0,1000.0,4597.0,FalsePositive," sanacleto@ufl.edu, 24"
C4_L1_F802_T20241219_170826_179.jpg,4490.0,3374.0000000000005,4548.0,3436.000000000001,FalsePositive," sanacleto@ufl.edu, 24"
C4_L1_F802_T20241219_170826_179.jpg,2492.0,881.0,2521.0,933.0,FalsePositive," sanacleto@ufl.edu, 24"
C4_L1_F802_T20241219_170826_179.jpg,1344.0000000000002,4788.0,1384.0000000000002,4817.0,FalsePositive," sanacleto@ufl.edu, 24"
C3_L1_F786_T20241219_170813_137.jpg,6085.0,2565.0,6139.0,2593.9999999999995,FalsePositive," sanacleto@ufl.edu, 24"
C3_L1_F786_T20241219_170813_137.jpg,4854.0,3468.0,4898.0,3493.0,FalsePositive," sanacleto@ufl.edu, 24"
C3_L1_F786_T20241219_170813_137.jpg,4531.0,2977.0,4581.0,3000.0,FalsePositive," sanacleto@ufl.edu, 24"
C3_L1_F786_T20241219_170813_137.jpg,677.9999999999999,2311.0,701.9999999999999,2353.0,FalsePositive," sanacleto@ufl.edu, 24"
C3_L1_F786_T20241219_170813_137.jpg,3405.0,1510.0,3439.0,1554.0,FalsePositive," sanacleto@ufl.edu, 24"
C3_L1_F786_T20241219_170813_137.jpg,2717.0000000000005,903.0,2744.0000000000005,949.0,FalsePositive," sanacleto@ufl.edu, 24"
C3_L1_F786_T20241219_170813_137.jpg,1551.0,4579.0,1610.0,4605.0,FalsePositive," sanacleto@ufl.edu, 24"
C3_L1_F786_T20241219_170813_137.jpg,4466.0,2368.0000000000005,4520.0,2393.0000000000005,FalsePositive," sanacleto@ufl.edu, 24"
C3_L1_F786_T20241219_170813_137.jpg,2060.0,2797.0,2103.0,2818.0,FalsePositive," sanacleto@ufl.edu, 24"
C3_L1_F786_T20241219_170813_137.jpg,4533.0,3000.0,4580.0,3013.9999999999995,FalsePositive," sanacleto@ufl.edu, 24"
C3_L1_F786_T20241219_170813_137.jpg,3124.0,1738.0,3168.0,1765.0,FalsePositive," sanacleto@ufl.edu, 24"
C3_L1_F786_T20241219_170813_137.jpg,4880.0,2885.9999999999995,4954.0,2951.9999999999995,FalsePositive," sanacleto@ufl.edu, 24"
C3_L1_F786_T20241219_170813_137.jpg,2861.0,2062.0000000000005,2900.0,2093.0000000000005,FalsePositive," sanacleto@ufl.edu, 24"
C3_L1_F786_T20241219_170813_137.jpg,4672.999999999999,4425.000000000001,4700.999999999999,4465.000000000001,FalsePositive," sanacleto@ufl.edu, 24"
C1_L1_F573_T20241219_170515_260.jpg,3828.9999999999995,3960.0,3868.9999999999995,3999.0,FalsePositive," sanacleto@ufl.edu, 24"
C1_L1_F573_T20241219_170515_260.jpg,1231.0,1823.0000000000002,1286.0,1868.0000000000002,FalsePositive," sanacleto@ufl.edu, 24"
C1_L1_F573_T20241219_170515_260.jpg,2047.0,3596.0,2093.0,3649.0000000000005,FalsePositive," sanacleto@ufl.edu, 24"
C5_L1_F618_T20241219_170553_197.jpg,1794.6170735402648,3734.5390245134204,1837.6170735402648,3762.5390245134204,FalsePositive," benweinstein2010@gmail.com, 2"
C5_L1_F618_T20241219_170553_197.jpg,1794.6170735402648,3734.5390245134204,1837.6170735402648,3762.5390245134204,Larus argentatus," benweinstein2010@gmail.com, 2"
C5_L1_F818_T20241219_170840_032.jpg,4754.0,1677.0000000000002,4808.999999999999,1703.0000000000002,FalsePositive," sanacleto@ufl.edu, 24"
C5_L1_F818_T20241219_170840_032.jpg,3607.0,4430.999999999999,3669.0000000000005,4454.999999999999,FalsePositive," sanacleto@ufl.edu, 24"
C5_L1_F818_T20241219_170840_032.jpg,5255.0,4185.0,5305.0,4211.0,FalsePositive," sanacleto@ufl.edu, 24"
C5_L1_F818_T20241219_170840_032.jpg,643.0,1720.0000000000002,677.0000000000001,1765.0000000000002,FalsePositive," sanacleto@ufl.edu, 24"
C5_L1_F818_T20241219_170840_032.jpg,2475.0,3620.0,2512.0,3655.0000000000005,FalsePositive," sanacleto@ufl.edu, 24"
C5_L1_F818_T20241219_170840_032.jpg,3440.0,2448.0,3502.0000000000005,2477.0,FalsePositive," sanacleto@ufl.edu, 24"
C5_L1_F818_T20241219_170840_032.jpg,5916.0,4831.0,5977.0,4852.0,FalsePositive," sanacleto@ufl.edu, 24"
C5_L1_F818_T20241219_170840_032.jpg,4748.0,891.9999999999999,4806.0,961.9999999999999,FalsePositive," sanacleto@ufl.edu, 24"
C5_L1_F818_T20241219_170840_032.jpg,3398.0000000000005,1330.0,3421.0,1366.0,FalsePositive," sanacleto@ufl.edu, 24"
C5_L1_F818_T20241219_170840_032.jpg,1162.0,3503.0,1200.0,3527.9999999999995,FalsePositive," sanacleto@ufl.edu, 24"
C5_L1_F818_T20241219_170840_032.jpg,3671.0,3906.0,3693.0000000000005,3952.9999999999995,FalsePositive," sanacleto@ufl.edu, 24"
C5_L1_F818_T20241219_170840_032.jpg,822.9999999999999,1002.0,861.0,1020.0000000000001,FalsePositive," sanacleto@ufl.edu, 24"
C5_L1_F818_T20241219_170840_032.jpg,2801.0,2788.0,2830.0,2811.0,FalsePositive," sanacleto@ufl.edu, 24"
C5_L1_F818_T20241219_170840_032.jpg,828.0,2000.0,852.0,2017.0,FalsePositive," sanacleto@ufl.edu, 24"
C5_L1_F818_T20241219_170840_032.jpg,2201.0,2046.0,2237.0,2080.0,FalsePositive," sanacleto@ufl.edu, 24"
C5_L1_F818_T20241219_170840_032.jpg,4798.0,3022.9999999999995,4844.0,3055.0,FalsePositive," sanacleto@ufl.edu, 24"
C5_L1_F818_T20241219_170840_032.jpg,4157.0,3810.0,4185.0,3834.9999999999995,FalsePositive," sanacleto@ufl.edu, 24"
C5_L1_F818_T20241219_170840_032.jpg,2824.0,625.0,2863.0,653.9999999999999,FalsePositive," sanacleto@ufl.edu, 24"
C5_L1_F818_T20241219_170840_032.jpg,1786.0,4261.0,1827.0,4294.0,FalsePositive," sanacleto@ufl.edu, 24"
C5_L1_F818_T20241219_170840_032.jpg,814.0,1980.0,868.0,2000.0,FalsePositive," sanacleto@ufl.edu, 24"
C5_L1_F818_T20241219_170840_032.jpg,3358.0000000000005,2880.0,3376.0,2893.0,FalsePositive," sanacleto@ufl.edu, 24"
C5_L1_F818_T20241219_170840_032.jpg,268.0,2284.0,295.0,2323.0,FalsePositive," sanacleto@ufl.edu, 24"
C1_L1_F356_T20241219_170214_229.jpg,4410.0,2413.0,4451.0,2454.0,Scyphozoa," sanacleto@ufl.edu, 24"
C4_L1_F860_T20241219_170914_565.jpg,1788.0000000000002,1548.0,1826.0,1587.9999999999998,FalsePositive," sanacleto@ufl.edu, 24"
C4_L1_F860_T20241219_170914_565.jpg,2571.0,362.0,2634.0,384.0,FalsePositive," sanacleto@ufl.edu, 24"
C4_L1_F860_T20241219_170914_565.jpg,3389.0,3045.0,3480.0,3087.9999999999995,FalsePositive," sanacleto@ufl.edu, 24"
C3_L1_F789_T20241219_170815_638.jpg,3421.0,3012.0,3480.0,3044.0,FalsePositive," sanacleto@ufl.edu, 24"
C3_L1_F789_T20241219_170815_638.jpg,3283.0,1202.0,3332.0000000000005,1225.0,FalsePositive," sanacleto@ufl.edu, 24"
C3_L1_F789_T20241219_170815_638.jpg,1887.9999999999998,3001.0,1952.9999999999998,3039.0,FalsePositive," sanacleto@ufl.edu, 24"
C3_L1_F789_T20241219_170815_638.jpg,861.0,2565.0,899.0,2592.9999999999995,FalsePositive," sanacleto@ufl.edu, 24"
C3_L1_F789_T20241219_170815_638.jpg,5643.0,4242.0,5691.0,4297.999999999999,FalsePositive," sanacleto@ufl.edu, 24"
C3_L1_F789_T20241219_170815_638.jpg,4211.0,1128.0,4256.0,1145.0,FalsePositive," sanacleto@ufl.edu, 24"
C3_L1_F789_T20241219_170815_638.jpg,5894.0,1977.0,5932.0,2000.0,FalsePositive," sanacleto@ufl.edu, 24"
C3_L1_F789_T20241219_170815_638.jpg,4711.0,4337.0,4741.000000000001,4374.0,FalsePositive," sanacleto@ufl.edu, 24"
C3_L1_F789_T20241219_170815_638.jpg,1140.0,1262.0,1164.9999999999998,1312.0,FalsePositive," sanacleto@ufl.edu, 24"
C3_L1_F789_T20241219_170815_638.jpg,1026.0,1179.0,1079.0,1204.0,FalsePositive," sanacleto@ufl.edu, 24"
C3_L1_F789_T20241219_170815_638.jpg,1566.0,3444.9999999999995,1612.0,3476.0,FalsePositive," sanacleto@ufl.edu, 24"
C3_L1_F789_T20241219_170815_638.jpg,4189.0,4347.0,4228.0,4382.0,FalsePositive," sanacleto@ufl.edu, 24"
C3_L1_F789_T20241219_170815_638.jpg,5197.0,66.0,5252.0,114.0,FalsePositive," sanacleto@ufl.edu, 24"
C3_L1_F789_T20241219_170815_638.jpg,4965.0,3180.0,4999.0,3210.0000000000005,FalsePositive," sanacleto@ufl.edu, 24"
C3_L1_F789_T20241219_170815_638.jpg,2300.0,4303.000000000001,2341.0,4337.0,FalsePositive," sanacleto@ufl.edu, 24"
C4_L1_F7_T20241219_165722_478.jpg,5578.999999999999,4580.0,5630.999999999999,4606.0,Aves," sanacleto@ufl.edu, 24"
C4_L1_F7_T20241219_165722_478.jpg,5554.0,4392.0,5587.0,4426.0,Aves," sanacleto@ufl.edu, 24"
C4_L1_F7_T20241219_165722_478.jpg,6252.0,4134.000000000001,6272.0,4175.000000000001,Aves," sanacleto@ufl.edu, 24"
C4_L1_F7_T20241219_165722_478.jpg,5860.0,3670.0,5895.0,3701.0000000000005,Aves," sanacleto@ufl.edu, 24"
C4_L1_F7_T20241219_165722_478.jpg,4296.735771483999,246.80589079185773,4338.384265555124,286.9118480455346,Aves," sanacleto@ufl.edu, 24"
C4_L1_F7_T20241219_165722_478.jpg,3815.464284439877,538.3453492897397,3858.655315328452,579.9938433608658,Aves," sanacleto@ufl.edu, 24"
C4_L1_F7_T20241219_165722_478.jpg,4131.684332016944,677.1736628601597,4173.33282608807,711.1094728440402,Aves," sanacleto@ufl.edu, 24"
C4_L1_F7_T20241219_165722_478.jpg,5968.845681598835,1272.5928743955167,6012.03671248741,1348.177178450523,Aves," sanacleto@ufl.edu, 24"
C4_L1_F7_T20241219_165722_478.jpg,4779.54979534557,1213.9764753324505,4839.7087312260865,1254.0824325861272,Aves," sanacleto@ufl.edu, 24"
C4_L1_F7_T20241219_165722_478.jpg,4275.140256039712,1244.8272116814323,4324.501434198083,1275.6779480304144,Aves," sanacleto@ufl.edu, 24"
C4_L1_F7_T20241219_165722_478.jpg,4343.011876007473,1325.0391261887862,4386.202906896048,1360.517472990116,Aves," sanacleto@ufl.edu, 24"
C4_L1_F7_T20241219_165722_478.jpg,3328.022650125957,1837.1613495818908,3377.3838282843285,1872.6396963832206,Aves," sanacleto@ufl.edu, 24"
C4_L1_F7_T20241219_165722_478.jpg,2294.5229824350527,907.0116486600771,2391.702801934347,1016.531762698964,Aves," sanacleto@ufl.edu, 24"
C4_L1_F7_T20241219_165722_478.jpg,3913.4159058683945,2145.6687130717132,3979.7449890187063,2198.114964864983,Aves," sanacleto@ufl.edu, 24"
C4_L1_F7_T20241219_165722_478.jpg,4528.88809603059,1929.7135586288375,4585.961958276208,1974.4471263348619,Aves," sanacleto@ufl.edu, 24"
C4_L1_F7_T20241219_165722_478.jpg,4186.444922556887,2448.005929291739,4231.178490262911,2485.0268129105175,Aves," sanacleto@ufl.edu, 24"
C4_L1_F7_T20241219_165722_478.jpg,2103.2484170713637,334.73048938645707,2154.152132047184,387.17674117972683,Aves," sanacleto@ufl.edu, 24"
C4_L1_F7_T20241219_165722_478.jpg,2593.775125020181,721.9072305661839,2652.3915240832466,774.3534823594537,Aves," sanacleto@ufl.edu, 24"
C4_L1_F7_T20241219_165722_478.jpg,6269.640361001411,2375.506698871631,6319.0015391597835,2420.2402665776553,Aves," sanacleto@ufl.edu, 24"
C4_L1_F7_T20241219_165722_478.jpg,5904.059135265972,2364.708941149487,6013.57924930486,2434.123097934697,Aves," sanacleto@ufl.edu, 24"
C4_L1_F7_T20241219_165722_478.jpg,5490.659268189611,2384.7619197763256,5550.818204070126,2432.580561117248,Aves," sanacleto@ufl.edu, 24"
C4_L1_F7_T20241219_165722_478.jpg,5509.169709999,2141.041102619366,5555.4458145224735,2179.6045230555937,Aves," sanacleto@ufl.edu, 24"
C4_L1_F7_T20241219_165722_478.jpg,5373.426470063478,2026.893378128131,5430.500332309095,2116.3605135401795,Aves," sanacleto@ufl.edu, 24"
C4_L1_F7_T20241219_165722_478.jpg,5064.919106573655,2449.548466109188,5118.907895184374,2478.8566656407206,Aves," sanacleto@ufl.edu, 24"
C4_L1_F7_T20241219_165722_478.jpg,5167.498338454522,2646.993178742674,5215.316979795445,2694.8118200835966,Aves," sanacleto@ufl.edu, 24"
C4_L1_F7_T20241219_165722_478.jpg,5705.843687744262,2568.3238010527693,5738.236960910694,2608.4297583064463,Aves," sanacleto@ufl.edu, 24"
C4_L1_F7_T20241219_165722_478.jpg,5213.774442977995,2870.6610172727947,5260.050547501469,2907.6819008915736,Aves," sanacleto@ufl.edu, 24"
C4_L1_F7_T20241219_165722_478.jpg,6036.717301566597,2963.2132263197423,6090.706090177316,3001.7766467559695,Aves," sanacleto@ufl.edu, 24"
C4_L1_F7_T20241219_165722_478.jpg,6186.34337285916,2946.245321327802,6231.0769405651845,2983.2662049465803,Aves," sanacleto@ufl.edu, 24"
C4_L1_F7_T20241219_165722_478.jpg,6349.852275508765,3429.059345189374,6393.0433063973405,3453.7399342685594,Aves," sanacleto@ufl.edu, 24"
C4_L1_F7_T20241219_165722_478.jpg,6403.841064119485,3518.526480601422,6445.48955819061,3543.2070696806077,Aves," sanacleto@ufl.edu, 24"
C4_L1_F7_T20241219_165722_478.jpg,6383.788085492645,3567.8876587597942,6423.894042746322,3601.823468743674,Aves," sanacleto@ufl.edu, 24"
C4_L1_F7_T20241219_165722_478.jpg,6115.3866792565,3786.9278868375673,6169.375467867219,3820.863696821448,Aves," sanacleto@ufl.edu, 24"
C4_L1_F7_T20241219_165722_478.jpg,6109.216531986703,3674.3226991637816,6150.865026057831,3699.003288242968,Aves," sanacleto@ufl.edu, 24"
C4_L1_F7_T20241219_165722_478.jpg,6044.429985653841,3768.417445028178,6089.163553359865,3799.26818137716,Aves," sanacleto@ufl.edu, 24"
C4_L1_F7_T20241219_165722_478.jpg,6021.2919333921045,3544.749606498057,6052.142669741087,3587.940637386632,Aves," sanacleto@ufl.edu, 24"
C4_L1_F7_T20241219_165722_478.jpg,5962.675534329038,3416.7190506497805,5999.696417947816,3450.654860633661,Aves," sanacleto@ufl.edu, 24"
C4_L1_F7_T20241219_165722_478.jpg,5806.879315766679,3587.940637386632,5839.27258893311,3645.01449963225,Aves," sanacleto@ufl.edu, 24"
C4_L1_F7_T20241219_165722_478.jpg,5757.518137608307,3748.364466401339,5788.36887395729,3797.725644559711,Aves," sanacleto@ufl.edu, 24"
C4_L1_F7_T20241219_165722_478.jpg,5573.956256331862,3680.492846433579,5609.4346031331925,3720.598803687255,Aves," sanacleto@ufl.edu, 24"
C4_L1_F7_T20241219_165722_478.jpg,5658.795781291563,3486.1332074349907,5698.901738545241,3523.1540910537688,Aves," sanacleto@ufl.edu, 24"
C4_L1_F7_T20241219_165722_478.jpg,5594.009234958701,3392.0384615705957,5640.285339482174,3422.8891979195782,Aves," sanacleto@ufl.edu, 24"
C4_L1_F7_T20241219_165722_478.jpg,4708.593101742911,3094.328855802916,4778.007258528121,3216.189264381396,Aves," sanacleto@ufl.edu, 24"
C4_L1_F7_T20241219_165722_478.jpg,4446.361842776563,3071.19080354118,4503.43570502218,3125.1795921518988,Aves," sanacleto@ufl.edu, 24"
C4_L1_F7_T20241219_165722_478.jpg,3614.934498171492,3098.956466255264,3661.210602694966,3140.6049603263896,Aves," sanacleto@ufl.edu, 24"
C4_L1_F7_T20241219_165722_478.jpg,2825.927449566772,4214.210585270971,2879.9162381774904,4272.826984334037,Aves," sanacleto@ufl.edu, 24"
C4_L1_F7_T20241219_165722_478.jpg,4292.879962960877,4556.653758744673,4337.6135306669,4593.674642363452,Aves," sanacleto@ufl.edu, 24"
C4_L1_F7_T20241219_165722_478.jpg,4985.478993995526,4229.635953445462,5034.8401721538985,4263.571763429343,Aves," sanacleto@ufl.edu, 24"
C4_L1_F7_T20241219_165722_478.jpg,5339.490660079598,4090.8076398750413,5393.4794486903165,4146.33896530321,Aves," sanacleto@ufl.edu, 24"
C4_L1_F7_T20241219_165722_478.jpg,5868.580788464643,4029.106167177077,5921.027040257913,4056.8718298911613,Aves," sanacleto@ufl.edu, 24"
C4_L1_F7_T20241219_165722_478.jpg,6317.459002342334,4184.902385739438,6343.682128238969,4240.433711167606,Aves," sanacleto@ufl.edu, 24"
C4_L1_F7_T20241219_165722_478.jpg,6352.937349143663,4248.146395254851,6393.0433063973405,4278.997131603834,Aves," sanacleto@ufl.edu, 24"
C4_L1_F7_T20241219_165722_478.jpg,6289.69333962825,4325.2732361273065,6334.426907334274,4357.666509293739,Aves," sanacleto@ufl.edu, 24"
C4_L1_F7_T20241219_165722_478.jpg,6258.842603279267,4552.026148292326,6288.150802810802,4585.961958276206,Aves," sanacleto@ufl.edu, 24"
C4_L1_F7_T20241219_165722_478.jpg,6103.046384716908,4607.557473720493,6143.152341970584,4630.695525982231,Aves," sanacleto@ufl.edu, 24"
C4_L1_F7_T20241219_165722_478.jpg,6059.855353828331,4680.056704140603,6092.248626994763,4721.705198211728,Aves," sanacleto@ufl.edu, 24"
C4_L1_F7_T20241219_165722_478.jpg,6195.598593763855,4788.755990484586,6227.991866930285,4808.808969111425,Aves," sanacleto@ufl.edu, 24"
C1_L1_F795_T20241219_170820_454.jpg,3600.0000000000005,2961.0,3637.0000000000005,2999.0,FalsePositive," sanacleto@ufl.edu, 24"
C1_L1_F795_T20241219_170820_454.jpg,2641.0000000000005,2445.0,2682.0000000000005,2472.0,FalsePositive," sanacleto@ufl.edu, 24"
C1_L1_F795_T20241219_170820_454.jpg,484.0,4638.0,512.0,4683.0,FalsePositive," sanacleto@ufl.edu, 24"
C1_L1_F795_T20241219_170820_454.jpg,1048.0,513.0000000000001,1077.0,562.0000000000001,FalsePositive," sanacleto@ufl.edu, 24"
C1_L1_F795_T20241219_170820_454.jpg,619.0,1061.0,653.0,1081.0,FalsePositive," sanacleto@ufl.edu, 24"
C1_L1_F795_T20241219_170820_454.jpg,5028.0,129.0,5066.0,170.0,FalsePositive," sanacleto@ufl.edu, 24"
C1_L1_F795_T20241219_170820_454.jpg,401.0,4258.0,452.99999999999994,4281.0,FalsePositive," sanacleto@ufl.edu, 24"
C1_L1_F795_T20241219_170820_454.jpg,4255.0,2679.0,4284.0,2730.0,FalsePositive," sanacleto@ufl.edu, 24"
C1_L1_F795_T20241219_170820_454.jpg,3740.0,1040.0,3796.0,1096.0,FalsePositive," sanacleto@ufl.edu, 24"
C1_L1_F799_T20241219_170823_788.jpg,0.0,0.0,0.0,0.0,0,"Brier Klossing b.klossing@ufl.edu, 20"
C3_L1_F796_T20241219_170821_473.jpg,1142.0000000000002,1231.0,1177.0,1268.0,FalsePositive,"Brier Klossing b.klossing@ufl.edu, 20"
C3_L1_F796_T20241219_170821_473.jpg,6060.0,1487.0,6097.0,1512.0,FalsePositive,"Brier Klossing b.klossing@ufl.edu, 20"
C3_L1_F796_T20241219_170821_473.jpg,3641.0,1297.0,3681.0,1326.0000000000002,FalsePositive,"Brier Klossing b.klossing@ufl.edu, 20"
C3_L1_F796_T20241219_170821_473.jpg,198.00000000000003,3868.0,244.00000000000003,3906.0,FalsePositive,"Brier Klossing b.klossing@ufl.edu, 20"
C3_L1_F796_T20241219_170821_473.jpg,5893.0,4463.0,5932.0,4493.0,FalsePositive,"Brier Klossing b.klossing@ufl.edu, 20"
C3_L1_F796_T20241219_170821_473.jpg,2156.0,3575.0,2192.0,3610.0,FalsePositive,"Brier Klossing b.klossing@ufl.edu, 20"
C3_L1_F796_T20241219_170821_473.jpg,108.0,3895.0,148.0,3932.0,FalsePositive,"Brier Klossing b.klossing@ufl.edu, 20"
C3_L1_F796_T20241219_170821_473.jpg,3948.0000000000005,1424.0,3988.0000000000005,1437.0,FalsePositive,"Brier Klossing b.klossing@ufl.edu, 20"
C3_L1_F796_T20241219_170821_473.jpg,1544.0,3328.0,1592.0,3356.0,FalsePositive,"Brier Klossing b.klossing@ufl.edu, 20"
C3_L1_F796_T20241219_170821_473.jpg,5263.0,1596.0,5305.0,1619.0,FalsePositive,"Brier Klossing b.klossing@ufl.edu, 20"
C4_L1_F815_T20241219_170837_026.jpg,4720.000000000001,3113.0,4758.000000000001,3148.0,FalsePositive,"Brier Klossing b.klossing@ufl.edu, 20"
C4_L1_F815_T20241219_170837_026.jpg,2309.9999999999995,2647.9999999999995,2350.9999999999995,2679.9999999999995,FalsePositive,"Brier Klossing b.klossing@ufl.edu, 20"
C4_L1_F815_T20241219_170837_026.jpg,1454.0,1934.9999999999995,1504.0,1966.9999999999995,FalsePositive,"Brier Klossing b.klossing@ufl.edu, 20"
C4_L1_F815_T20241219_170837_026.jpg,1855.0,157.0,1906.0,179.0,FalsePositive,"Brier Klossing b.klossing@ufl.edu, 20"
C4_L1_F815_T20241219_170837_026.jpg,75.0,4292.0,127.0,4322.0,FalsePositive,"Brier Klossing b.klossing@ufl.edu, 20"
C4_L1_F815_T20241219_170837_026.jpg,4939.0,1781.0,4987.0,1803.0,FalsePositive,"Brier Klossing b.klossing@ufl.edu, 20"
C4_L1_F815_T20241219_170837_026.jpg,2174.0,3489.0,2203.0,3542.0,FalsePositive,"Brier Klossing b.klossing@ufl.edu, 20"
C4_L1_F815_T20241219_170837_026.jpg,4660.0,2160.0,4695.0,2180.0,FalsePositive,"Brier Klossing b.klossing@ufl.edu, 20"
C4_L1_F815_T20241219_170837_026.jpg,5453.0,2183.0,5488.0,2197.0,FalsePositive,"Brier Klossing b.klossing@ufl.edu, 20"
C4_L1_F815_T20241219_170837_026.jpg,2799.0,3960.0,2826.0,3979.9999999999995,FalsePositive,"Brier Klossing b.klossing@ufl.edu, 20"
C4_L1_F788_T20241219_170814_502.jpg,2323.0,2058.0,2377.0,2079.0,FalsePositive,"Brier Klossing b.klossing@ufl.edu, 20"
C4_L1_F788_T20241219_170814_502.jpg,4886.0,3869.0,4938.0,3892.9999999999995,FalsePositive,"Brier Klossing b.klossing@ufl.edu, 20"
C4_L1_F788_T20241219_170814_502.jpg,3669.0000000000005,2234.0,3710.0000000000005,2268.0,FalsePositive,"Brier Klossing b.klossing@ufl.edu, 20"
C4_L1_F788_T20241219_170814_502.jpg,3873.0,3573.0,3940.0000000000005,3611.0,FalsePositive,"Brier Klossing b.klossing@ufl.edu, 20"
C4_L1_F788_T20241219_170814_502.jpg,370.0,2118.0,407.0,2140.0,FalsePositive,"Brier Klossing b.klossing@ufl.edu, 20"
C4_L1_F788_T20241219_170814_502.jpg,5357.0,2402.0,5395.0,2427.0,FalsePositive,"Brier Klossing b.klossing@ufl.edu, 20"
C4_L1_F788_T20241219_170814_502.jpg,852.0,761.0,883.0,795.0,FalsePositive,"Brier Klossing b.klossing@ufl.edu, 20"
C4_L1_F788_T20241219_170814_502.jpg,1447.0,2766.0,1485.9999999999998,2789.0,FalsePositive,"Brier Klossing b.klossing@ufl.edu, 20"
C4_L1_F788_T20241219_170814_502.jpg,2842.0,2000.0,2867.9999999999995,2019.0,FalsePositive,"Brier Klossing b.klossing@ufl.edu, 20"
C4_L1_F788_T20241219_170814_502.jpg,832.9999999999999,4834.0,869.9999999999999,4852.0,FalsePositive,"Brier Klossing b.klossing@ufl.edu, 20"
C4_L1_F788_T20241219_170814_502.jpg,1540.0,1550.0,1576.0,1584.9999999999998,FalsePositive,"Brier Klossing b.klossing@ufl.edu, 20"
C4_L1_F788_T20241219_170814_502.jpg,3544.0000000000005,3471.9999999999995,3581.0,3531.0,FalsePositive,"Brier Klossing b.klossing@ufl.edu, 20"
C4_L1_F788_T20241219_170814_502.jpg,3913.0,3469.0,3967.0000000000005,3515.0,FalsePositive,"Brier Klossing b.klossing@ufl.edu, 20"
C4_L1_F788_T20241219_170814_502.jpg,552.0,4768.999999999999,590.0000000000001,4800.999999999999,FalsePositive,"Brier Klossing b.klossing@ufl.edu, 20"
C4_L1_F788_T20241219_170814_502.jpg,4672.999999999999,2452.0,4741.999999999999,2489.0,FalsePositive,"Brier Klossing b.klossing@ufl.edu, 20"
C4_L1_F788_T20241219_170814_502.jpg,4550.0,2747.0,4606.0,2774.0,FalsePositive,"Brier Klossing b.klossing@ufl.edu, 20"
C4_L1_F788_T20241219_170814_502.jpg,403.0,4020.9999999999995,467.99999999999994,4057.9999999999995,FalsePositive,"Brier Klossing b.klossing@ufl.edu, 20"
C4_L1_F788_T20241219_170814_502.jpg,5679.999999999999,3458.0000000000005,5729.999999999999,3498.0000000000005,FalsePositive,"Brier Klossing b.klossing@ufl.edu, 20"
C4_L1_F788_T20241219_170814_502.jpg,5517.0,1872.0,5539.999999999999,1916.0,FalsePositive,"Brier Klossing b.klossing@ufl.edu, 20"
C4_L1_F808_T20241219_170831_183.jpg,2922.0,4298.0,2980.0,4341.0,FalsePositive,"Brier Klossing b.klossing@ufl.edu, 20"
C4_L1_F808_T20241219_170831_183.jpg,5707.0,1353.0,5753.0,1376.9999999999998,FalsePositive,"Brier Klossing b.klossing@ufl.edu, 20"
C4_L1_F808_T20241219_170831_183.jpg,2172.0,3953.0,2217.0,3985.0,FalsePositive,"Brier Klossing b.klossing@ufl.edu, 20"
C4_L1_F808_T20241219_170831_183.jpg,2713.0,2240.0,2746.0,2280.0,FalsePositive,"Brier Klossing b.klossing@ufl.edu, 20"
C4_L1_F808_T20241219_170831_183.jpg,2295.0,639.0,2325.0,674.9999999999999,FalsePositive,"Brier Klossing b.klossing@ufl.edu, 20"
C4_L1_F808_T20241219_170831_183.jpg,5162.0,1104.0,5221.0,1129.0,FalsePositive,"Brier Klossing b.klossing@ufl.edu, 20"
C4_L1_F808_T20241219_170831_183.jpg,2599.0,3070.0,2635.0,3104.0,FalsePositive,"Brier Klossing b.klossing@ufl.edu, 20"
C4_L1_F808_T20241219_170831_183.jpg,257.0,3080.0,326.0,3113.0,FalsePositive,"Brier Klossing b.klossing@ufl.edu, 20"
C4_L1_F808_T20241219_170831_183.jpg,3065.9999999999995,4030.0,3093.0,4071.9999999999995,FalsePositive,"Brier Klossing b.klossing@ufl.edu, 20"
C4_L1_F808_T20241219_170831_183.jpg,845.0,2965.0,875.0,2998.0,FalsePositive,"Brier Klossing b.klossing@ufl.edu, 20"
C4_L1_F808_T20241219_170831_183.jpg,4056.0,3636.0,4093.0,3671.0,FalsePositive,"Brier Klossing b.klossing@ufl.edu, 20"
C4_L1_F808_T20241219_170831_183.jpg,1445.9999999999998,1389.0,1477.9999999999998,1411.0000000000002,FalsePositive,"Brier Klossing b.klossing@ufl.edu, 20"
C4_L1_F808_T20241219_170831_183.jpg,4109.0,1418.0000000000002,4147.0,1456.0000000000002,FalsePositive,"Brier Klossing b.klossing@ufl.edu, 20"
C4_L1_F808_T20241219_170831_183.jpg,1035.0,1836.0,1084.0,1875.9999999999998,FalsePositive,"Brier Klossing b.klossing@ufl.edu, 20"
C4_L1_F808_T20241219_170831_183.jpg,2565.0000000000005,1490.9999999999998,2620.0000000000005,1523.9999999999998,FalsePositive,"Brier Klossing b.klossing@ufl.edu, 20"
C4_L1_F808_T20241219_170831_183.jpg,1738.9999999999998,1923.0,1783.9999999999998,1948.9999999999998,FalsePositive,"Brier Klossing b.klossing@ufl.edu, 20"
C4_L1_F808_T20241219_170831_183.jpg,4574.000000000001,3040.0,4621.0,3089.0,FalsePositive,"Brier Klossing b.klossing@ufl.edu, 20"
C1_L1_F622_T20241219_170556_131.jpg,3740.9999999999995,232.00000000000003,3779.9999999999995,265.0,FalsePositive,"Brier Klossing b.klossing@ufl.edu, 20"
C6_L1_F812_T20241219_170835_156.jpg,6388.0,1341.0,6436.0,1393.0,FalsePositive,"Brier Klossing b.klossing@ufl.edu, 20"
C6_L1_F812_T20241219_170835_156.jpg,456.99999999999994,3854.0,495.0,3893.0000000000005,FalsePositive,"Brier Klossing b.klossing@ufl.edu, 20"
C6_L1_F812_T20241219_170835_156.jpg,3493.0,388.0,3541.0,462.00000000000006,FalsePositive,"Brier Klossing b.klossing@ufl.edu, 20"
C6_L1_F812_T20241219_170835_156.jpg,1222.0,2182.0,1258.0,2219.0,FalsePositive,"Brier Klossing b.klossing@ufl.edu, 20"
C6_L1_F812_T20241219_170835_156.jpg,5456.0,4269.0,5501.0,4297.0,FalsePositive,"Brier Klossing b.klossing@ufl.edu, 20"
C6_L1_F812_T20241219_170835_156.jpg,69.0,3419.0,88.00000000000001,3453.0,FalsePositive,"Brier Klossing b.klossing@ufl.edu, 20"
C6_L1_F812_T20241219_170835_156.jpg,3286.0,3417.0000000000005,3329.0000000000005,3447.0000000000005,FalsePositive,"Brier Klossing b.klossing@ufl.edu, 20"
C6_L1_F812_T20241219_170835_156.jpg,5508.0,1900.0,5548.0,1921.0,FalsePositive,"Brier Klossing b.klossing@ufl.edu, 20"
C6_L1_F812_T20241219_170835_156.jpg,2915.0,2979.0,2953.0,3000.0000000000005,FalsePositive,"Brier Klossing b.klossing@ufl.edu, 20"
C6_L1_F812_T20241219_170835_156.jpg,5536.0,1895.0,5582.0,1922.0,FalsePositive,"Brier Klossing b.klossing@ufl.edu, 20"
C6_L1_F812_T20241219_170835_156.jpg,3570.0,1000.0,3608.0000000000005,1021.0,FalsePositive,"Brier Klossing b.klossing@ufl.edu, 20"
C6_L1_F812_T20241219_170835_156.jpg,5247.0,4320.0,5272.0,4343.0,FalsePositive,"Brier Klossing b.klossing@ufl.edu, 20"
C6_L1_F812_T20241219_170835_156.jpg,1444.0,4521.0,1482.0,4558.0,FalsePositive,"Brier Klossing b.klossing@ufl.edu, 20"
C6_L1_F812_T20241219_170835_156.jpg,4593.0,3379.0,4630.0,3398.0,FalsePositive,"Brier Klossing b.klossing@ufl.edu, 20"
C6_L1_F812_T20241219_170835_156.jpg,6426.0,4.0,6456.0,30.0,FalsePositive,"Brier Klossing b.klossing@ufl.edu, 20"
C5_L1_F829_T20241219_170849_216.jpg,4025.0000000000005,3394.0000000000005,4073.0000000000005,3425.0000000000005,FalsePositive,"Brier Klossing b.klossing@ufl.edu, 20"
C5_L1_F829_T20241219_170849_216.jpg,5723.999999999999,1000.0,5772.999999999999,1020.0,FalsePositive,"Brier Klossing b.klossing@ufl.edu, 20"
C5_L1_F829_T20241219_170849_216.jpg,6102.0,3274.9999999999995,6151.0,3312.9999999999995,FalsePositive,"Brier Klossing b.klossing@ufl.edu, 20"
C5_L1_F829_T20241219_170849_216.jpg,5655.0,3863.0,5701.999999999999,3894.0,FalsePositive,"Brier Klossing b.klossing@ufl.edu, 20"
C5_L1_F829_T20241219_170849_216.jpg,5953.0,1430.0,5985.0,1464.0,FalsePositive,"Brier Klossing b.klossing@ufl.edu, 20"
C5_L1_F829_T20241219_170849_216.jpg,3087.0,3740.0,3158.0,3770.0,FalsePositive,"Brier Klossing b.klossing@ufl.edu, 20"
C5_L1_F829_T20241219_170849_216.jpg,3436.0,4234.0,3468.0,4268.0,FalsePositive,"Brier Klossing b.klossing@ufl.edu, 20"
C5_L1_F829_T20241219_170849_216.jpg,5545.0,3612.0,5574.0,3645.9999999999995,FalsePositive,"Brier Klossing b.klossing@ufl.edu, 20"
C5_L1_F829_T20241219_170849_216.jpg,4921.0,4057.0,4960.0,4084.0,FalsePositive,"Brier Klossing b.klossing@ufl.edu, 20"
C5_L1_F829_T20241219_170849_216.jpg,800.0,3852.0000000000005,845.0,3877.0,FalsePositive,"Brier Klossing b.klossing@ufl.edu, 20"
C5_L1_F829_T20241219_170849_216.jpg,6379.0,2335.0,6414.0,2359.0,FalsePositive,"Brier Klossing b.klossing@ufl.edu, 20"
C5_L1_F829_T20241219_170849_216.jpg,4301.0,3153.0,4348.0,3200.0,FalsePositive,"Brier Klossing b.klossing@ufl.edu, 20"
C5_L1_F829_T20241219_170849_216.jpg,2837.9999999999995,3583.0,2864.9999999999995,3608.0,FalsePositive,"Brier Klossing b.klossing@ufl.edu, 20"
C5_L1_F829_T20241219_170849_216.jpg,6066.0,1752.0000000000002,6116.0,1808.0,FalsePositive,"Brier Klossing b.klossing@ufl.edu, 20"
C4_L1_F771_T20241219_170800_346.jpg,3711.9999999999995,1541.0,3769.0,1571.0,FalsePositive,"Brier Klossing b.klossing@ufl.edu, 20"
C4_L1_F771_T20241219_170800_346.jpg,955.0,725.0000000000001,990.0,755.0,FalsePositive,"Brier Klossing b.klossing@ufl.edu, 20"
C4_L1_F771_T20241219_170800_346.jpg,1499.0,646.0000000000001,1534.0,675.0,FalsePositive,"Brier Klossing b.klossing@ufl.edu, 20"
C4_L1_F771_T20241219_170800_346.jpg,6370.0,1693.0,6400.0,1721.0,FalsePositive,"Brier Klossing b.klossing@ufl.edu, 20"
C4_L1_F771_T20241219_170800_346.jpg,5427.999999999999,1018.9999999999998,5472.999999999999,1043.9999999999998,FalsePositive,"Brier Klossing b.klossing@ufl.edu, 20"
C4_L1_F771_T20241219_170800_346.jpg,1187.0,3580.0000000000005,1211.0,3597.0000000000005,FalsePositive,"Brier Klossing b.klossing@ufl.edu, 20"
C4_L1_F771_T20241219_170800_346.jpg,3212.0,2303.0,3264.0,2348.0,FalsePositive,"Brier Klossing b.klossing@ufl.edu, 20"
C2_L1_F515_T20241219_170426_973.jpg,581.0,578.0,628.9999999999999,604.0,FalsePositive,"Brier Klossing b.klossing@ufl.edu, 20"
C5_L1_F811_T20241219_170834_202.jpg,1304.0,255.00000000000003,1345.0,284.00000000000006,FalsePositive,"Brier Klossing b.klossing@ufl.edu, 20"
C5_L1_F811_T20241219_170834_202.jpg,1329.0,4570.0,1372.0,4594.0,FalsePositive,"Brier Klossing b.klossing@ufl.edu, 20"
C5_L1_F811_T20241219_170834_202.jpg,4040.0,1740.9999999999998,4074.0,1779.0,FalsePositive,"Brier Klossing b.klossing@ufl.edu, 20"
C5_L1_F811_T20241219_170834_202.jpg,6079.999999999999,3552.0,6120.999999999999,3613.0,FalsePositive,"Brier Klossing b.klossing@ufl.edu, 20"
C5_L1_F811_T20241219_170834_202.jpg,1098.0,4679.0,1141.0,4703.0,FalsePositive,"Brier Klossing b.klossing@ufl.edu, 20"
C5_L1_F811_T20241219_170834_202.jpg,430.0,3689.0,466.00000000000006,3724.0000000000005,FalsePositive,"Brier Klossing b.klossing@ufl.edu, 20"
C5_L1_F811_T20241219_170834_202.jpg,2425.0,1370.0,2466.9999999999995,1407.0,FalsePositive,"Brier Klossing b.klossing@ufl.edu, 20"
C5_L1_F811_T20241219_170834_202.jpg,2598.0,1025.0,2640.0,1048.0,FalsePositive,"Brier Klossing b.klossing@ufl.edu, 20"
C5_L1_F811_T20241219_170834_202.jpg,4521.000000000001,4265.0,4559.000000000001,4298.0,FalsePositive,"Brier Klossing b.klossing@ufl.edu, 20"
C5_L1_F811_T20241219_170834_202.jpg,3770.0000000000005,3856.0,3804.0,3888.9999999999995,FalsePositive,"Brier Klossing b.klossing@ufl.edu, 20"
C5_L1_F811_T20241219_170834_202.jpg,5348.0,1332.0,5394.0,1365.0,FalsePositive,"Brier Klossing b.klossing@ufl.edu, 20"
C5_L1_F811_T20241219_170834_202.jpg,857.0,1057.0,883.9999999999999,1096.0,FalsePositive,"Brier Klossing b.klossing@ufl.edu, 20"
C5_L1_F811_T20241219_170834_202.jpg,2655.0,3890.0,2700.0,3923.0,FalsePositive,"Brier Klossing b.klossing@ufl.edu, 20"
C5_L1_F811_T20241219_170834_202.jpg,2146.0,3625.0,2191.0,3656.0,FalsePositive,"Brier Klossing b.klossing@ufl.edu, 20"
C5_L1_F811_T20241219_170834_202.jpg,5373.999999999999,3587.000000000001,5422.999999999999,3635.0000000000005,FalsePositive,"Brier Klossing b.klossing@ufl.edu, 20"
C5_L1_F811_T20241219_170834_202.jpg,724.0,3787.0,757.0,3810.9999999999995,FalsePositive,"Brier Klossing b.klossing@ufl.edu, 20"
C5_L1_F811_T20241219_170834_202.jpg,409.0,4254.0,494.0,4291.0,FalsePositive,"Brier Klossing b.klossing@ufl.edu, 20"
C5_L1_F811_T20241219_170834_202.jpg,3505.0,3239.000000000001,3538.0,3262.000000000001,FalsePositive,"Brier Klossing b.klossing@ufl.edu, 20"
C5_L1_F811_T20241219_170834_202.jpg,539.0,357.0,581.0000000000001,408.0,FalsePositive,"Brier Klossing b.klossing@ufl.edu, 20"
C3_L1_F772_T20241219_170801_469.jpg,4103.0,1853.9999999999998,4137.0,1896.9999999999998,FalsePositive,"Brier Klossing b.klossing@ufl.edu, 20"
C3_L1_F772_T20241219_170801_469.jpg,5957.000000000001,3899.1851090257205,5999.000000000001,3922.1851090257205,FalsePositive,"Brier Klossing b.klossing@ufl.edu, 20"
C3_L1_F772_T20241219_170801_469.jpg,505.0,423.00000000000006,548.0,453.0,FalsePositive,"Brier Klossing b.klossing@ufl.edu, 20"
C3_L1_F772_T20241219_170801_469.jpg,5554.0,4776.0,5603.0,4819.0,FalsePositive,"Brier Klossing b.klossing@ufl.edu, 20"
C3_L1_F772_T20241219_170801_469.jpg,49.08005038871006,3783.156560390379,81.08005038871008,3801.156560390379,FalsePositive,"Brier Klossing b.klossing@ufl.edu, 20"
C6_L1_F838_T20241219_170856_893.jpg,2661.9999999999995,4152.0,2699.9999999999995,4197.0,FalsePositive,"Brier Klossing b.klossing@ufl.edu, 20"
C6_L1_F838_T20241219_170856_893.jpg,2284.0000000000005,3217.9999999999995,2331.0000000000005,3243.9999999999995,FalsePositive,"Brier Klossing b.klossing@ufl.edu, 20"
C6_L1_F838_T20241219_170856_893.jpg,1546.9999999999998,499.00000000000006,1569.9999999999998,559.0000000000001,FalsePositive,"Brier Klossing b.klossing@ufl.edu, 20"
C6_L1_F838_T20241219_170856_893.jpg,5168.0,969.0,5206.000000000001,999.0,FalsePositive,"Brier Klossing b.klossing@ufl.edu, 20"
C6_L1_F838_T20241219_170856_893.jpg,5914.0,4239.000000000001,5977.0,4304.0,FalsePositive,"Brier Klossing b.klossing@ufl.edu, 20"
C6_L1_F838_T20241219_170856_893.jpg,1691.0000000000002,4594.000000000001,1725.0,4622.000000000001,FalsePositive,"Brier Klossing b.klossing@ufl.edu, 20"
C6_L1_F838_T20241219_170856_893.jpg,1722.9999999999998,820.0000000000001,1758.9999999999998,841.0,FalsePositive,"Brier Klossing b.klossing@ufl.edu, 20"
C6_L1_F838_T20241219_170856_893.jpg,1851.0,3089.0,1927.0,3131.0,FalsePositive,"Brier Klossing b.klossing@ufl.edu, 20"
C6_L1_F838_T20241219_170856_893.jpg,4691.0,2751.0,4718.0,2784.0,FalsePositive,"Brier Klossing b.klossing@ufl.edu, 20"
C6_L1_F838_T20241219_170856_893.jpg,5245.0,3103.0,5297.0,3138.0000000000005,FalsePositive,"Brier Klossing b.klossing@ufl.edu, 20"
C6_L1_F838_T20241219_170856_893.jpg,5846.0,4505.0,5867.0,4544.0,FalsePositive,"Brier Klossing b.klossing@ufl.edu, 20"
C6_L1_F838_T20241219_170856_893.jpg,3507.0000000000005,3548.999999999999,3534.0000000000005,3569.9999999999995,FalsePositive,"Brier Klossing b.klossing@ufl.edu, 20"
C1_L1_F716_T20241219_170714_548.jpg,2137.0,471.0,2171.0,506.0,FalsePositive,"Brier Klossing b.klossing@ufl.edu, 20"
C1_L1_F716_T20241219_170714_548.jpg,2563.9999999999995,3278.0,2595.0,3325.9999999999995,FalsePositive,"Brier Klossing b.klossing@ufl.edu, 20"
C1_L1_F716_T20241219_170714_548.jpg,3503.8148909742795,892.0000000000002,3531.8148909742795,935.0000000000002,FalsePositive,"Brier Klossing b.klossing@ufl.edu, 20"
C1_L1_F716_T20241219_170714_548.jpg,4398.814890974281,3631.62978194856,4430.814890974281,3662.6297819485603,FalsePositive,"Brier Klossing b.klossing@ufl.edu, 20"
C1_L1_F716_T20241219_170714_548.jpg,4467.999999999999,1912.0,4483.999999999999,1939.9999999999998,FalsePositive,"Brier Klossing b.klossing@ufl.edu, 20"
C1_L1_F716_T20241219_170714_548.jpg,2152.0,2577.0,2184.0,2600.0,FalsePositive,"Brier Klossing b.klossing@ufl.edu, 20"
C1_L1_F553_T20241219_170458_576.jpg,5644.392036157758,3331.6079638422425,5693.392036157758,3359.6079638422425,FalsePositive,"Brier Klossing b.klossing@ufl.edu, 20"
C1_L1_F553_T20241219_170458_576.jpg,5411.0,1195.0,5446.0,1231.0,FalsePositive,"Brier Klossing b.klossing@ufl.edu, 20"
C1_L1_F553_T20241219_170458_576.jpg,2959.7840723155145,1097.5880542366363,2998.7840723155145,1128.5880542366363,FalsePositive,"Brier Klossing b.klossing@ufl.edu, 20"
C1_L1_F553_T20241219_170458_576.jpg,4529.0,4376.999999999999,4564.0,4418.999999999999,FalsePositive,"Brier Klossing b.klossing@ufl.edu, 20"
C1_L1_F553_T20241219_170458_576.jpg,4965.392036157757,126.99999999999999,5001.392036157757,149.0,FalsePositive,"Brier Klossing b.klossing@ufl.edu, 20"
C5_L1_F801_T20241219_170825_859.jpg,3577.0,175.0,3618.9999999999995,203.0,FalsePositive,"Brier Klossing b.klossing@ufl.edu, 20"
C5_L1_F801_T20241219_170825_859.jpg,4625.000000000001,4729.0,4651.000000000001,4786.0,FalsePositive,"Brier Klossing b.klossing@ufl.edu, 20"
C5_L1_F801_T20241219_170825_859.jpg,5979.999999999999,1302.0,6041.999999999999,1352.0,FalsePositive,"Brier Klossing b.klossing@ufl.edu, 20"
C5_L1_F801_T20241219_170825_859.jpg,2799.0,2145.0,2846.0,2208.0,FalsePositive,"Brier Klossing b.klossing@ufl.edu, 20"
C5_L1_F801_T20241219_170825_859.jpg,3109.0,3109.0,3148.0000000000005,3142.0,FalsePositive,"Brier Klossing b.klossing@ufl.edu, 20"
C5_L1_F801_T20241219_170825_859.jpg,3527.0,4078.0,3557.0,4131.0,FalsePositive,"Brier Klossing b.klossing@ufl.edu, 20"
C5_L1_F801_T20241219_170825_859.jpg,3468.0,3896.0,3508.0,3924.0,FalsePositive,"Brier Klossing b.klossing@ufl.edu, 20"
C5_L1_F801_T20241219_170825_859.jpg,3650.9999999999995,4631.000000000001,3684.9999999999995,4661.000000000001,FalsePositive,"Brier Klossing b.klossing@ufl.edu, 20"
C5_L1_F801_T20241219_170825_859.jpg,2960.0,4010.0,2998.0,4046.0,FalsePositive,"Brier Klossing b.klossing@ufl.edu, 20"
C5_L1_F801_T20241219_170825_859.jpg,3331.9999999999995,3158.0,3373.9999999999995,3184.0,FalsePositive,"Brier Klossing b.klossing@ufl.edu, 20"
C5_L1_F801_T20241219_170825_859.jpg,1456.9999999999998,4447.0,1555.9999999999998,4492.0,FalsePositive,"Brier Klossing b.klossing@ufl.edu, 20"
C5_L1_F801_T20241219_170825_859.jpg,4485.0,1674.9999999999998,4511.0,1712.9999999999998,FalsePositive,"Brier Klossing b.klossing@ufl.edu, 20"
C5_L1_F801_T20241219_170825_859.jpg,3342.0000000000005,4578.0,3392.0,4600.0,FalsePositive,"Brier Klossing b.klossing@ufl.edu, 20"
C5_L1_F801_T20241219_170825_859.jpg,5805.0,886.0,5827.0,929.0,FalsePositive,"Brier Klossing b.klossing@ufl.edu, 20"
C5_L1_F801_T20241219_170825_859.jpg,5637.0,3927.0,5665.0,3957.0000000000005,FalsePositive,"Brier Klossing b.klossing@ufl.edu, 20"
C5_L1_F986_T20241219_171100_177.jpg,460.99999999999994,1147.0,517.0,1171.0,FalsePositive,"Brier Klossing b.klossing@ufl.edu, 20"
C1_L1_F775_T20241219_170803_764.jpg,2783.0,3837.0,2837.0,3865.0,FalsePositive,"Brier Klossing b.klossing@ufl.edu, 20"
C1_L1_F775_T20241219_170803_764.jpg,1823.9999999999998,3764.0,1875.0,3814.0,FalsePositive,"Brier Klossing b.klossing@ufl.edu, 20"
C1_L1_F775_T20241219_170803_764.jpg,1364.0,1149.0,1408.0,1196.0,FalsePositive,"Brier Klossing b.klossing@ufl.edu, 20"
C1_L1_F775_T20241219_170803_764.jpg,754.0000000000001,3985.0,797.0000000000001,4034.0000000000005,FalsePositive,"Brier Klossing b.klossing@ufl.edu, 20"
C1_L1_F775_T20241219_170803_764.jpg,6091.0,1435.9999999999998,6116.0,1470.0,FalsePositive,"Brier Klossing b.klossing@ufl.edu, 20"
C1_L1_F775_T20241219_170803_764.jpg,4404.0,1977.0,4448.0,2000.0,FalsePositive,"Brier Klossing b.klossing@ufl.edu, 20"
C1_L1_F775_T20241219_170803_764.jpg,648.0000000000001,3036.0,687.0000000000001,3077.0,FalsePositive,"Brier Klossing b.klossing@ufl.edu, 20"
C1_L1_F775_T20241219_170803_764.jpg,1147.0,4430.999999999999,1172.0,4471.999999999999,FalsePositive,"Brier Klossing b.klossing@ufl.edu, 20"
C1_L1_F775_T20241219_170803_764.jpg,1114.0,4816.0,1150.9999999999998,4851.0,FalsePositive,"Brier Klossing b.klossing@ufl.edu, 20"
C1_L1_F775_T20241219_170803_764.jpg,150.0,3395.0,167.0,3416.0000000000005,FalsePositive,"Brier Klossing b.klossing@ufl.edu, 20"
C1_L1_F775_T20241219_170803_764.jpg,3110.0,3434.9999999999995,3145.0,3480.0,FalsePositive,"Brier Klossing b.klossing@ufl.edu, 20"
C1_L1_F775_T20241219_170803_764.jpg,4587.0,4167.0,4618.0,4210.0,FalsePositive,"Brier Klossing b.klossing@ufl.edu, 20"
C1_L1_F775_T20241219_170803_764.jpg,1722.9999999999998,2868.0000000000005,1762.0,2905.0,FalsePositive,"Brier Klossing b.klossing@ufl.edu, 20"
C1_L1_F775_T20241219_170803_764.jpg,1734.9999999999998,2917.0,1775.9999999999998,2958.0,FalsePositive,"Brier Klossing b.klossing@ufl.edu, 20"
C1_L1_F775_T20241219_170803_764.jpg,3186.0,3744.9999999999995,3234.0,3769.999999999999,FalsePositive,"Brier Klossing b.klossing@ufl.edu, 20"
C3_L1_F785_T20241219_170812_306.jpg,1395.0,712.0,1459.0,747.0,FalsePositive,"Brier Klossing b.klossing@ufl.edu, 20"
C3_L1_F785_T20241219_170812_306.jpg,816.0,3997.0,864.0,4023.0,FalsePositive,"Brier Klossing b.klossing@ufl.edu, 20"
C3_L1_F785_T20241219_170812_306.jpg,1883.9999999999998,618.0,1928.9999999999998,640.0,FalsePositive,"Brier Klossing b.klossing@ufl.edu, 20"
C3_L1_F785_T20241219_170812_306.jpg,768.0,1293.0,836.0,1346.0,FalsePositive,"Brier Klossing b.klossing@ufl.edu, 20"
C3_L1_F785_T20241219_170812_306.jpg,2733.0,687.0,2772.0,714.0,FalsePositive,"Brier Klossing b.klossing@ufl.edu, 20"
C3_L1_F785_T20241219_170812_306.jpg,3164.9999999999995,1096.0,3200.9999999999995,1126.9999999999998,FalsePositive,"Brier Klossing b.klossing@ufl.edu, 20"
C3_L1_F785_T20241219_170812_306.jpg,4814.0,2922.0,4864.0,2949.0,FalsePositive,"Brier Klossing b.klossing@ufl.edu, 20"
C3_L1_F785_T20241219_170812_306.jpg,3924.0000000000005,1172.0,3976.0,1193.0,FalsePositive,"Brier Klossing b.klossing@ufl.edu, 20"
C3_L1_F785_T20241219_170812_306.jpg,1823.0,1868.0,1854.0,1907.0,FalsePositive,"Brier Klossing b.klossing@ufl.edu, 20"
C3_L1_F785_T20241219_170812_306.jpg,1691.0000000000002,159.0,1721.0,180.0,FalsePositive,"Brier Klossing b.klossing@ufl.edu, 20"
C3_L1_F785_T20241219_170812_306.jpg,4384.0,2952.0,4418.0,2996.0000000000005,FalsePositive,"Brier Klossing b.klossing@ufl.edu, 20"
C3_L1_F785_T20241219_170812_306.jpg,3259.9999999999995,2267.9999999999995,3287.0,2295.0,FalsePositive,"Brier Klossing b.klossing@ufl.edu, 20"
C3_L1_F785_T20241219_170812_306.jpg,5360.0,300.00000000000006,5400.0,323.00000000000006,FalsePositive,"Brier Klossing b.klossing@ufl.edu, 20"
C3_L1_F785_T20241219_170812_306.jpg,4747.0,3909.0,4772.0,3943.0,FalsePositive,"Brier Klossing b.klossing@ufl.edu, 20"
C3_L1_F785_T20241219_170812_306.jpg,6066.0,4798.0,6106.0,4820.0,FalsePositive,"Brier Klossing b.klossing@ufl.edu, 20"
C5_L1_F833_T20241219_170852_539.jpg,3868.0,843.0,3918.0,872.0,FalsePositive,"Brier Klossing b.klossing@ufl.edu, 20"
C5_L1_F833_T20241219_170852_539.jpg,2644.0,3926.0,2685.0,3954.0,FalsePositive,"Brier Klossing b.klossing@ufl.edu, 20"
C5_L1_F833_T20241219_170852_539.jpg,2754.0,2275.0,2789.0000000000005,2315.0,FalsePositive,"Brier Klossing b.klossing@ufl.edu, 20"
C5_L1_F833_T20241219_170852_539.jpg,4963.0,1797.0,4999.0,1828.0,FalsePositive,"Brier Klossing b.klossing@ufl.edu, 20"
C5_L1_F833_T20241219_170852_539.jpg,281.0,2194.0000000000005,332.0,2219.0000000000005,FalsePositive,"Brier Klossing b.klossing@ufl.edu, 20"
C5_L1_F833_T20241219_170852_539.jpg,828.0,3724.9999999999995,916.0000000000001,3787.0,FalsePositive,"Brier Klossing b.klossing@ufl.edu, 20"
C5_L1_F833_T20241219_170852_539.jpg,719.0,4515.0,763.0,4546.0,FalsePositive,"Brier Klossing b.klossing@ufl.edu, 20"
C5_L1_F833_T20241219_170852_539.jpg,5743.0,2948.0,5800.0,2975.0,FalsePositive,"Brier Klossing b.klossing@ufl.edu, 20"
C5_L1_F833_T20241219_170852_539.jpg,5992.000000000001,1371.0,6018.000000000001,1416.0,FalsePositive,"Brier Klossing b.klossing@ufl.edu, 20"
C5_L1_F833_T20241219_170852_539.jpg,2378.0,4069.0,2449.0000000000005,4106.0,FalsePositive,"Brier Klossing b.klossing@ufl.edu, 20"
C5_L1_F833_T20241219_170852_539.jpg,5664.0,97.0,5702.0,133.0,FalsePositive,"Brier Klossing b.klossing@ufl.edu, 20"
C5_L1_F833_T20241219_170852_539.jpg,5575.999999999999,319.00000000000006,5614.999999999999,342.0,FalsePositive,"Brier Klossing b.klossing@ufl.edu, 20"
C5_L1_F833_T20241219_170852_539.jpg,2538.0000000000005,1781.0,2569.0000000000005,1813.0,FalsePositive,"Brier Klossing b.klossing@ufl.edu, 20"
C5_L1_F833_T20241219_170852_539.jpg,6271.0,4548.0,6301.000000000001,4581.0,FalsePositive,"Brier Klossing b.klossing@ufl.edu, 20"
C5_L1_F833_T20241219_170852_539.jpg,5359.0,1133.0,5404.0,1160.0,FalsePositive,"Brier Klossing b.klossing@ufl.edu, 20"
C5_L1_F833_T20241219_170852_539.jpg,3523.0000000000005,2236.0000000000005,3562.0,2262.0,FalsePositive,"Brier Klossing b.klossing@ufl.edu, 20"
C5_L1_F833_T20241219_170852_539.jpg,1418.0,189.0,1449.0,208.0,FalsePositive,"Brier Klossing b.klossing@ufl.edu, 20"
C5_L1_F833_T20241219_170852_539.jpg,981.0000000000001,3122.0,1000.0,3150.0,FalsePositive,"Brier Klossing b.klossing@ufl.edu, 20"
C5_L1_F833_T20241219_170852_539.jpg,4262.999999999999,2905.0,4305.999999999999,2926.0000000000005,FalsePositive,"Brier Klossing b.klossing@ufl.edu, 20"
C5_L1_F833_T20241219_170852_539.jpg,6399.0,4778.0,6432.999999999999,4813.0,FalsePositive,"Brier Klossing b.klossing@ufl.edu, 20"
C5_L1_F833_T20241219_170852_539.jpg,3884.0,2445.0,3916.0000000000005,2486.0,FalsePositive,"Brier Klossing b.klossing@ufl.edu, 20"
C7_L1_F869_T20241219_170922_864.jpg,2631.0,4389.0,2664.0,4432.0,FalsePositive,"Brier Klossing b.klossing@ufl.edu, 20"
C7_L1_F869_T20241219_170922_864.jpg,1528.0,4132.0,1552.9999999999998,4180.0,FalsePositive,"Brier Klossing b.klossing@ufl.edu, 20"
C7_L1_F869_T20241219_170922_864.jpg,4046.0,1395.0000000000002,4089.0000000000005,1442.0000000000002,FalsePositive,"Brier Klossing b.klossing@ufl.edu, 20"
C7_L1_F869_T20241219_170922_864.jpg,4658.0,796.0,4688.0,837.0000000000001,FalsePositive,"Brier Klossing b.klossing@ufl.edu, 20"
C7_L1_F788_T20241219_170815_208.jpg,3025.0,1860.0,3074.0,1881.0,FalsePositive,"Brier Klossing b.klossing@ufl.edu, 20"
C7_L1_F788_T20241219_170815_208.jpg,4410.999999999999,2306.0,4446.999999999999,2348.0,FalsePositive,"Brier Klossing b.klossing@ufl.edu, 20"
C7_L1_F788_T20241219_170815_208.jpg,4586.0,2491.0,4625.0,2527.0,FalsePositive,"Brier Klossing b.klossing@ufl.edu, 20"
C7_L1_F788_T20241219_170815_208.jpg,3561.0,3869.999999999999,3596.0,3908.9999999999995,FalsePositive,"Brier Klossing b.klossing@ufl.edu, 20"
C7_L1_F788_T20241219_170815_208.jpg,1919.0,42.0,1963.0,72.0,FalsePositive,"Brier Klossing b.klossing@ufl.edu, 20"
C7_L1_F788_T20241219_170815_208.jpg,1843.9999999999998,3941.0,1883.9999999999998,3965.9999999999995,FalsePositive,"Brier Klossing b.klossing@ufl.edu, 20"
C7_L1_F788_T20241219_170815_208.jpg,5366.0,1241.0,5393.0,1300.9999999999998,FalsePositive,"Brier Klossing b.klossing@ufl.edu, 20"
C7_L1_F788_T20241219_170815_208.jpg,3908.0000000000005,3283.9999999999995,3939.0,3330.9999999999995,FalsePositive,"Brier Klossing b.klossing@ufl.edu, 20"
C7_L1_F788_T20241219_170815_208.jpg,3796.9999999999995,1721.0,3832.0,1738.0,FalsePositive,"Brier Klossing b.klossing@ufl.edu, 20"
C7_L1_F788_T20241219_170815_208.jpg,4808.0,2274.0,4847.0,2312.0,FalsePositive,"Brier Klossing b.klossing@ufl.edu, 20"
C7_L1_F788_T20241219_170815_208.jpg,5536.0,2653.0,5566.0,2682.0,FalsePositive,"Brier Klossing b.klossing@ufl.edu, 20"
C7_L1_F788_T20241219_170815_208.jpg,871.0,1821.9999999999998,907.0,1852.9999999999998,FalsePositive,"Brier Klossing b.klossing@ufl.edu, 20"
C7_L1_F788_T20241219_170815_208.jpg,2600.0,431.00000000000006,2644.0,450.00000000000006,FalsePositive,"Brier Klossing b.klossing@ufl.edu, 20"
C7_L1_F788_T20241219_170815_208.jpg,369.0,4796.0,411.0,4846.0,FalsePositive,"Brier Klossing b.klossing@ufl.edu, 20"
C7_L1_F788_T20241219_170815_208.jpg,5357.0,3453.0,5395.999999999999,3489.0,FalsePositive,"Brier Klossing b.klossing@ufl.edu, 20"
C7_L1_F788_T20241219_170815_208.jpg,2911.0,0.0,2940.0,29.999999999999996,Leucophaeus atricilla,"Brier Klossing b.klossing@ufl.edu, 20"
C7_L1_F788_T20241219_170815_208.jpg,5588.000000000001,3703.0,5604.000000000001,3740.0,FalsePositive,"Brier Klossing b.klossing@ufl.edu, 20"
C7_L1_F788_T20241219_170815_208.jpg,3213.0,4092.0,3235.9999999999995,4105.0,FalsePositive,"Brier Klossing b.klossing@ufl.edu, 20"
C7_L1_F860_T20241219_170915_270.jpg,2452.0,1000.0,2506.0,1025.0,FalsePositive,"Brier Klossing b.klossing@ufl.edu, 20"
C7_L1_F860_T20241219_170915_270.jpg,4564.999999999999,2658.0,4605.999999999999,2685.0,FalsePositive,"Brier Klossing b.klossing@ufl.edu, 20"
C7_L1_F860_T20241219_170915_270.jpg,2686.0,2259.0,2712.0,2303.0,FalsePositive,"Brier Klossing b.klossing@ufl.edu, 20"
C7_L1_F860_T20241219_170915_270.jpg,5779.0,133.00000000000003,5803.0,179.0,FalsePositive,"Brier Klossing b.klossing@ufl.edu, 20"
C7_L1_F860_T20241219_170915_270.jpg,5779.0,133.00000000000003,5803.0,179.0,Leucophaeus atricilla,"Brier Klossing b.klossing@ufl.edu, 20"
C7_L1_F860_T20241219_170915_270.jpg,2455.0,980.9999999999999,2495.0,999.9999999999999,FalsePositive,"Brier Klossing b.klossing@ufl.edu, 20"
C7_L1_F860_T20241219_170915_270.jpg,931.0,1480.0,972.0,1517.0,FalsePositive,"Brier Klossing b.klossing@ufl.edu, 20"
C7_L1_F860_T20241219_170915_270.jpg,1677.9999999999998,8.0,1719.9999999999998,32.0,FalsePositive,"Brier Klossing b.klossing@ufl.edu, 20"
C7_L1_F860_T20241219_170915_270.jpg,3392.0,4489.000000000001,3424.0,4545.000000000001,FalsePositive,"Brier Klossing b.klossing@ufl.edu, 20"
C7_L1_F860_T20241219_170915_270.jpg,718.0,804.0,749.0,845.0000000000001,FalsePositive,"Brier Klossing b.klossing@ufl.edu, 20"
C7_L1_F860_T20241219_170915_270.jpg,3045.0000000000005,4693.0,3083.0000000000005,4735.0,FalsePositive,"Brier Klossing b.klossing@ufl.edu, 20"
C6_L1_F839_T20241219_170857_658.jpg,2083.0,1098.0,2132.9999999999995,1126.0,FalsePositive,"Brier Klossing b.klossing@ufl.edu, 20"
C6_L1_F839_T20241219_170857_658.jpg,1462.0,4794.0,1514.0,4826.0,FalsePositive,"Brier Klossing b.klossing@ufl.edu, 20"
C6_L1_F839_T20241219_170857_658.jpg,5419.0,3891.0000000000005,5443.0,3944.000000000001,FalsePositive,"Brier Klossing b.klossing@ufl.edu, 20"
C6_L1_F839_T20241219_170857_658.jpg,5822.0,2974.0,5874.0,3000.0000000000005,FalsePositive,"Brier Klossing b.klossing@ufl.edu, 20"
C6_L1_F839_T20241219_170857_658.jpg,1101.0,3923.0,1145.0,3973.0,FalsePositive,"Brier Klossing b.klossing@ufl.edu, 20"
C6_L1_F839_T20241219_170857_658.jpg,952.0,1373.0,986.9999999999999,1401.0,FalsePositive,"Brier Klossing b.klossing@ufl.edu, 20"
C6_L1_F839_T20241219_170857_658.jpg,5818.0,3001.0,5870.0,3043.0,FalsePositive,"Brier Klossing b.klossing@ufl.edu, 20"
C6_L1_F839_T20241219_170857_658.jpg,5297.0,4557.000000000001,5332.0,4590.000000000001,FalsePositive,"Brier Klossing b.klossing@ufl.edu, 20"
C6_L1_F839_T20241219_170857_658.jpg,5000.0,208.0,5022.0,228.0,FalsePositive,"Brier Klossing b.klossing@ufl.edu, 20"
C6_L1_F839_T20241219_170857_658.jpg,2954.0,4329.0,2998.0,4375.0,FalsePositive,"Brier Klossing b.klossing@ufl.edu, 20"
C6_L1_F839_T20241219_170857_658.jpg,5574.999999999999,3967.0,5665.999999999999,4000.0,FalsePositive,"Brier Klossing b.klossing@ufl.edu, 20"
C7_L1_F802_T20241219_170826_895.jpg,1680.0,4393.0,1725.0,4431.0,FalsePositive,"Brier Klossing b.klossing@ufl.edu, 20"
C7_L1_F802_T20241219_170826_895.jpg,4261.0,181.0,4291.0,218.0,FalsePositive,"Brier Klossing b.klossing@ufl.edu, 20"
C7_L1_F802_T20241219_170826_895.jpg,3315.9999999999995,3537.0,3343.9999999999995,3579.0,FalsePositive,"Brier Klossing b.klossing@ufl.edu, 20"
C7_L1_F802_T20241219_170826_895.jpg,1789.0,2847.0,1825.0,2870.0,FalsePositive,"Brier Klossing b.klossing@ufl.edu, 20"
C7_L1_F802_T20241219_170826_895.jpg,3434.0,4635.0,3467.0000000000005,4687.0,FalsePositive,"Brier Klossing b.klossing@ufl.edu, 20"
C7_L1_F802_T20241219_170826_895.jpg,90.0,586.0,127.0,630.0000000000001,FalsePositive,"Brier Klossing b.klossing@ufl.edu, 20"
C7_L1_F802_T20241219_170826_895.jpg,4952.0,3852.0000000000005,4984.0,3865.0000000000005,FalsePositive,"Brier Klossing b.klossing@ufl.edu, 20"
C7_L1_F802_T20241219_170826_895.jpg,5818.0,1479.0,5844.0,1522.9999999999998,FalsePositive,"Brier Klossing b.klossing@ufl.edu, 20"
C7_L1_F802_T20241219_170826_895.jpg,4521.000000000001,0.0,4553.000000000001,18.0,FalsePositive,"Brier Klossing b.klossing@ufl.edu, 20"
C7_L1_F802_T20241219_170826_895.jpg,4779.0,4383.0,4814.0,4420.0,FalsePositive,"Brier Klossing b.klossing@ufl.edu, 20"
C7_L1_F802_T20241219_170826_895.jpg,3841.9999999999995,2916.0,3877.999999999999,2949.0,FalsePositive,"Brier Klossing b.klossing@ufl.edu, 20"
C7_L1_F802_T20241219_170826_895.jpg,6204.0,4696.0,6230.0,4731.0,FalsePositive,"Brier Klossing b.klossing@ufl.edu, 20"
C7_L1_F802_T20241219_170826_895.jpg,341.99999999999994,4473.0,373.99999999999994,4507.0,FalsePositive,"Brier Klossing b.klossing@ufl.edu, 20"
C7_L1_F802_T20241219_170826_895.jpg,3311.0,2944.0,3357.9999999999995,2968.0,FalsePositive,"Brier Klossing b.klossing@ufl.edu, 20"
C7_L1_F802_T20241219_170826_895.jpg,750.0,3183.0,780.0000000000001,3216.9999999999995,FalsePositive,"Brier Klossing b.klossing@ufl.edu, 20"
C7_L1_F802_T20241219_170826_895.jpg,5477.999999999999,1823.0000000000002,5511.999999999999,1852.0000000000002,FalsePositive,"Brier Klossing b.klossing@ufl.edu, 20"
C7_L1_F802_T20241219_170826_895.jpg,2647.0,2297.0000000000005,2675.0,2333.0000000000005,FalsePositive,"Brier Klossing b.klossing@ufl.edu, 20"
